model,model_key,layer,epoch,train_loss,test_loss,train_accuracy,test_accuracy,epoch_time_s
MZI,MZI,1,1,0.3427399958883013,0.2674817740917206,0.9857142567634583,0.8666666746139526,0.2732682228088379
MZI,MZI,1,2,0.1245308437517711,0.11196961253881454,0.9857142567634583,0.9666666388511658,0.23236894607543945
MZI,MZI,1,3,0.06687001671109881,0.068855419754982,0.9857142567634583,1.0,0.200927734375
MZI,MZI,1,4,0.04569193534553051,0.035890843719244,0.9857142567634583,1.0,0.235548734664917
MZI,MZI,1,5,0.03469461841242654,0.025083592161536217,1.0,1.0,0.2213444709777832
MZI,MZI,1,6,0.02310226961438145,0.01789109781384468,1.0,1.0,0.21821022033691406
MZI,MZI,1,7,0.018012608640960284,0.014097554609179497,1.0,1.0,0.2208421230316162
MZI,MZI,1,8,0.013272445076810462,0.01093968190252781,1.0,1.0,0.21458888053894043
MZI,MZI,1,9,0.010956165686781918,0.008977970108389854,1.0,1.0,0.1986865997314453
MZI,MZI,1,10,0.008865661919116974,0.00717412494122982,1.0,1.0,0.19730496406555176
MZI,MZI,1,11,0.007136122097394296,0.006066805683076382,1.0,1.0,0.19152069091796875
MZI,MZI,1,12,0.0060022835752793725,0.005198247265070677,1.0,1.0,0.1865992546081543
MZI,MZI,1,13,0.00560261937789619,0.004578623455017805,1.0,1.0,0.19851040840148926
MZI,MZI,1,14,0.004505901457741856,0.004013420082628727,1.0,1.0,0.18045377731323242
MZI,MZI,1,15,0.003954467972341393,0.0036522604059427977,1.0,1.0,0.18381643295288086
MZI,MZI,1,16,0.0034776804453161146,0.003369551384821534,1.0,1.0,0.18380212783813477
MZI,MZI,1,17,0.003110912023112178,0.003101705340668559,1.0,1.0,0.19054055213928223
MZI,MZI,1,18,0.0028783018783932286,0.002864172914996743,1.0,1.0,0.2028038501739502
MZI,MZI,1,19,0.0024685752711125783,0.0026668685022741556,1.0,1.0,0.2149522304534912
MZI,MZI,1,20,0.0022459422969924553,0.002492852509021759,1.0,1.0,0.2794215679168701
MZI,MZI,1,21,0.0020922219031490386,0.0023297658190131187,1.0,1.0,0.222550630569458
MZI,MZI,1,22,0.001874556640229587,0.002237416571006179,1.0,1.0,0.23256492614746094
MZI,MZI,1,23,0.0017503791571860867,0.0021306497510522604,1.0,1.0,0.22165393829345703
MZI,MZI,1,24,0.0015744834606136594,0.0019828586373478174,1.0,1.0,0.26282477378845215
MZI,MZI,1,25,0.0015056280294499758,0.0019107196712866426,1.0,1.0,0.6088550090789795
MZI,MZI,1,26,0.001380003888958267,0.0017669628141447902,1.0,1.0,0.4337787628173828
MZI,MZI,1,27,0.0012507615419703403,0.0017918666126206517,1.0,1.0,0.30521368980407715
MZI,MZI,1,28,0.0011629881328969662,0.0017063706181943417,1.0,1.0,0.3032560348510742
MZI,MZI,1,29,0.0010956666798197798,0.0016206131549552083,1.0,1.0,0.29583191871643066
MZI,MZI,1,30,0.0010110556779961502,0.0015053157694637775,1.0,1.0,0.32752203941345215
MZI,MZI,1,31,0.0009729632047570444,0.0014403145760297775,1.0,1.0,0.24434304237365723
MZI,MZI,1,32,0.0009030127498720373,0.001357853994704783,1.0,1.0,0.26578354835510254
MZI,MZI,1,33,0.0008670740507243733,0.0013341570738703012,1.0,1.0,0.26956701278686523
MZI,MZI,1,34,0.0008094613903917239,0.0012484395410865545,1.0,1.0,0.32515501976013184
MZI,MZI,1,35,0.0007630379554549498,0.0012071102391928434,1.0,1.0,0.3720870018005371
MZI,MZI,1,36,0.0007200898378089603,0.0011719210306182504,1.0,1.0,0.32627177238464355
MZI,MZI,1,37,0.0006833614307522242,0.0011308410903438926,1.0,1.0,0.3390839099884033
MZI,MZI,1,38,0.0006562012846448591,0.0010658707469701767,1.0,1.0,0.3651294708251953
MZI,MZI,1,39,0.0006287397459215884,0.0010425326181575656,1.0,1.0,0.3964507579803467
MZI,MZI,1,40,0.0005838358155285407,0.0010098728816956282,1.0,1.0,0.4319782257080078
MZI,MZI,1,41,0.000571709555619496,0.0009421833092346787,1.0,1.0,0.3926992416381836
MZI,MZI,1,42,0.0005342096718127972,0.0009103899355977774,1.0,1.0,0.41648387908935547
MZI,MZI,1,43,0.0005174683003653107,0.0009048604988493025,1.0,1.0,0.40187931060791016
MZI,MZI,1,44,0.0004977557897551118,0.0008556340471841395,1.0,1.0,0.46189069747924805
MZI,MZI,1,45,0.00047225842697246534,0.0008383014355786145,1.0,1.0,0.34467244148254395
MZI,MZI,1,46,0.00044822779829181464,0.0008050811011344194,1.0,1.0,0.37922120094299316
MZI,MZI,1,47,0.0004295832662527183,0.0007827188819646835,1.0,1.0,0.45348167419433594
MZI,MZI,1,48,0.0004161661386855745,0.000756474444642663,1.0,1.0,0.49078893661499023
MZI,MZI,1,49,0.0004109087595549811,0.0006982534541748464,1.0,1.0,0.43750905990600586
MZI,MZI,1,50,0.0003829861071218537,0.0007008909014984965,1.0,1.0,0.4422745704650879
MZI,MZI,1,51,0.0003602281115100985,0.0006763490382581949,1.0,1.0,0.41890907287597656
MZI,MZI,1,52,0.00034877071302616967,0.0006458834977820516,1.0,1.0,0.45502424240112305
MZI,MZI,1,53,0.0003347621698464666,0.0006204005912877619,1.0,1.0,0.45015978813171387
MZI,MZI,1,54,0.0003381773490608404,0.0006529976963065565,1.0,1.0,0.4706859588623047
MZI,MZI,1,55,0.0003093573055853735,0.0006249469588510692,1.0,1.0,0.5382564067840576
MZI,MZI,1,56,0.00029779124077841906,0.0006019629072397947,1.0,1.0,0.5781981945037842
MZI,MZI,1,57,0.00028796628892970537,0.0005790340364910662,1.0,1.0,0.46703457832336426
MZI,MZI,1,58,0.0002765011414469752,0.000556248240172863,1.0,1.0,0.5027217864990234
MZI,MZI,1,59,0.00026938161297169116,0.0005438700900413096,1.0,1.0,0.44673871994018555
MZI,MZI,1,60,0.0002598647259999,0.0005313938017934561,1.0,1.0,0.4661242961883545
MZI,MZI,1,61,0.00024981323029870896,0.0005105443415232003,1.0,1.0,0.448993444442749
MZI,MZI,1,62,0.0002447096793080813,0.0004962262464687228,1.0,1.0,0.49480175971984863
MZI,MZI,1,63,0.00023586924580740743,0.0004795075219590217,1.0,1.0,0.54427170753479
MZI,MZI,1,64,0.00022656715196457558,0.00047367901424877346,1.0,1.0,0.5425035953521729
MZI,MZI,1,65,0.0002249134105763265,0.00047180306864902377,1.0,1.0,0.5567691326141357
MZI,MZI,1,66,0.00021315658533629695,0.00045014257193543017,1.0,1.0,0.5353963375091553
MZI,MZI,1,67,0.00021235244837173792,0.00042166525963693857,1.0,1.0,0.5008652210235596
MZI,MZI,1,68,0.0002042841421436086,0.0004225092416163534,1.0,1.0,0.4891939163208008
MZI,MZI,1,69,0.00019826403419886317,0.0004066781548317522,1.0,1.0,0.5038595199584961
MZI,MZI,1,70,0.00018949575377129283,0.00039698847103863955,1.0,1.0,0.5083949565887451
MZI,MZI,1,71,0.00018577751408364358,0.00038432731525972486,1.0,1.0,0.4849061965942383
MZI,MZI,1,72,0.00018037654528078357,0.0003772797354031354,1.0,1.0,0.48676252365112305
MZI,MZI,1,73,0.00017534476156859973,0.0003668839344754815,1.0,1.0,0.49526381492614746
MZI,MZI,1,74,0.00017193577587022447,0.00036981693119741976,1.0,1.0,0.49363183975219727
MZI,MZI,1,75,0.00016583279430051334,0.0003592273860704154,1.0,1.0,0.5480561256408691
MZI,MZI,1,76,0.00016135716063477699,0.00034567606053315103,1.0,1.0,0.47697949409484863
MZI,MZI,1,77,0.00015825589299700888,0.00033482525032013655,1.0,1.0,0.5274333953857422
MZI,MZI,1,78,0.0001520450177589997,0.0003330956387799233,1.0,1.0,0.4989602565765381
MZI,MZI,1,79,0.00014981428929396705,0.00032975603244267404,1.0,1.0,0.49608469009399414
MZI,MZI,1,80,0.00014452634100702458,0.0003159770858474076,1.0,1.0,0.5910882949829102
MZI,MZI,1,81,0.0001406408121640977,0.0003087983059231192,1.0,1.0,0.5263462066650391
MZI,MZI,1,82,0.00013768139633612008,0.0003060209273826331,1.0,1.0,0.4543149471282959
MZI,MZI,1,83,0.00013701408996504531,0.0002927421883214265,1.0,1.0,0.46094703674316406
MZI,MZI,1,84,0.00013032084022727628,0.00028694962384179235,1.0,1.0,0.46837425231933594
MZI,MZI,1,85,0.00012658898911987698,0.0002802792005240917,1.0,1.0,0.46404099464416504
MZI,MZI,1,86,0.0001264601661595017,0.0002811455924529582,1.0,1.0,0.46619510650634766
MZI,MZI,1,87,0.00012299256311182815,0.000267822208115831,1.0,1.0,0.44991183280944824
MZI,MZI,1,88,0.0001182490486826282,0.00026914768386632204,1.0,1.0,0.44807982444763184
MZI,MZI,1,89,0.00011609628124590797,0.00026207181508652866,1.0,1.0,0.46735215187072754
MZI,MZI,1,90,0.00011204256703162433,0.0002610207302495837,1.0,1.0,0.5000689029693604
MZI,MZI,1,91,0.00011024176406603407,0.00025603719404898584,1.0,1.0,0.458789587020874
MZI,MZI,1,92,0.00010877516818124735,0.0002493305073585361,1.0,1.0,0.45261645317077637
MZI,MZI,1,93,0.00010632201335413681,0.00024805887369439006,1.0,1.0,0.4861893653869629
MZI,MZI,1,94,0.0001048515504018204,0.0002350745053263381,1.0,1.0,0.45147156715393066
MZI,MZI,1,95,0.00010153356290954564,0.00023519594105891883,1.0,1.0,0.4622983932495117
MZI,MZI,1,96,9.894007650603141e-05,0.0002310073032276705,1.0,1.0,0.4726119041442871
MZI,MZI,1,97,9.627043270614065e-05,0.00022320618154481053,1.0,1.0,0.4683070182800293
MZI,MZI,1,98,9.47152852079723e-05,0.000218549495912157,1.0,1.0,0.45873427391052246
MZI,MZI,1,99,9.201442374303172e-05,0.00020857318304479122,1.0,1.0,0.4838995933532715
MZI,MZI,1,100,9.081136234142052e-05,0.00020895061607006937,1.0,1.0,0.49361658096313477
MZI,MZI,2,1,0.49179685967309134,0.3602847456932068,0.9857142567634583,0.9666666388511658,0.4225478172302246
MZI,MZI,2,2,0.23810076969010488,0.15699513256549835,0.9857142567634583,0.9666666388511658,0.7971065044403076
MZI,MZI,2,3,0.10205157580120224,0.07632311433553696,0.9857142567634583,0.9666666388511658,0.45038652420043945
MZI,MZI,2,4,0.05687534628169877,0.04522644355893135,0.9857142567634583,1.0,0.49433112144470215
MZI,MZI,2,5,0.035269954481295177,0.029115086421370506,0.9857142567634583,1.0,0.47198987007141113
MZI,MZI,2,6,0.02785920612514019,0.019942404702305794,1.0,1.0,0.4068028926849365
MZI,MZI,2,7,0.014762407062309128,0.014311336912214756,1.0,1.0,0.42412662506103516
MZI,MZI,2,8,0.00985786560922861,0.011916629038751125,1.0,1.0,0.5655927658081055
MZI,MZI,2,9,0.007583204676796283,0.01026477012783289,1.0,1.0,0.5321764945983887
MZI,MZI,2,10,0.005749868614865201,0.009101910516619682,1.0,1.0,0.6324725151062012
MZI,MZI,2,11,0.0047550599523154755,0.0077745853923261166,1.0,1.0,0.6441123485565186
MZI,MZI,2,12,0.003847879357635975,0.007193098776042461,1.0,1.0,0.6311831474304199
MZI,MZI,2,13,0.0032585562472896915,0.006741344928741455,1.0,1.0,0.6419570446014404
MZI,MZI,2,14,0.0028189056952084815,0.005801534280180931,1.0,1.0,0.7368903160095215
MZI,MZI,2,15,0.002423098500418876,0.005567578598856926,1.0,1.0,0.680025577545166
MZI,MZI,2,16,0.002142151654697955,0.0052761356346309185,1.0,1.0,0.7926716804504395
MZI,MZI,2,17,0.0018862092102478658,0.004740060307085514,1.0,1.0,0.7186896800994873
MZI,MZI,2,18,0.0016843072205249751,0.004452696070075035,1.0,1.0,0.7148528099060059
MZI,MZI,2,19,0.0014979557233995625,0.0040007890202105045,1.0,1.0,0.6975607872009277
MZI,MZI,2,20,0.0013524962032014237,0.003969558048993349,1.0,1.0,0.7341146469116211
MZI,MZI,2,21,0.0012257756665349008,0.0038175510708242655,1.0,1.0,0.8067638874053955
MZI,MZI,2,22,0.0011189162332032408,0.0035405331291258335,1.0,1.0,0.7210664749145508
MZI,MZI,2,23,0.0010249672790191003,0.0033337557688355446,1.0,1.0,0.6793665885925293
MZI,MZI,2,24,0.0009486896434931883,0.0030307620763778687,1.0,1.0,0.6846201419830322
MZI,MZI,2,25,0.000867231105803512,0.002828296972438693,1.0,1.0,0.7373511791229248
MZI,MZI,2,26,0.0008051949187314936,0.0027543657924979925,1.0,1.0,0.8164193630218506
MZI,MZI,2,27,0.0007486251889661487,0.0026145398151129484,1.0,1.0,0.7986865043640137
MZI,MZI,2,28,0.0006979866389883682,0.002447177190333605,1.0,1.0,0.7728118896484375
MZI,MZI,2,29,0.0006514407694339752,0.0023755559232085943,1.0,1.0,0.741560697555542
MZI,MZI,2,30,0.0006108632070078914,0.00228565139696002,1.0,1.0,0.7328691482543945
MZI,MZI,2,31,0.0005749838534809116,0.002149933483451605,1.0,1.0,0.7224068641662598
MZI,MZI,2,32,0.0005442427163611033,0.002079539466649294,1.0,1.0,0.7478089332580566
MZI,MZI,2,33,0.0005082284601355371,0.002026098780333996,1.0,1.0,0.759002685546875
MZI,MZI,2,34,0.00048445901650536274,0.0018479484133422375,1.0,1.0,0.7353541851043701
MZI,MZI,2,35,0.0004546345681384472,0.001780832652002573,1.0,1.0,0.7311241626739502
MZI,MZI,2,36,0.00043230129106502447,0.0017406187253072858,1.0,1.0,0.7140984535217285
MZI,MZI,2,37,0.00041103291857455456,0.0016108194831758738,1.0,1.0,0.817171573638916
MZI,MZI,2,38,0.000388625794273269,0.0016062067588791251,1.0,1.0,0.7564136981964111
MZI,MZI,2,39,0.0003695953034496467,0.0015171177219599485,1.0,1.0,0.7098290920257568
MZI,MZI,2,40,0.00035295931946685804,0.0014379395870491862,1.0,1.0,0.7050397396087646
MZI,MZI,2,41,0.0003400282730581239,0.001458616927266121,1.0,1.0,0.6623644828796387
MZI,MZI,2,42,0.0003249800847178059,0.0012127069057896733,1.0,1.0,0.6999576091766357
MZI,MZI,2,43,0.0003103960945736617,0.0012634334852918983,1.0,1.0,0.67606520652771
MZI,MZI,2,44,0.00029232209365415786,0.0012149492977187037,1.0,1.0,0.7150497436523438
MZI,MZI,2,45,0.00028008271474391224,0.001187793561257422,1.0,1.0,0.6736166477203369
MZI,MZI,2,46,0.0002688199015600341,0.001140644308179617,1.0,1.0,0.6822104454040527
MZI,MZI,2,47,0.00025863597443926014,0.0011417047353461385,1.0,1.0,0.6747395992279053
MZI,MZI,2,48,0.0002470381375003074,0.0011340550845488906,1.0,1.0,0.6885542869567871
MZI,MZI,2,49,0.00023765012987756303,0.0010814983397722244,1.0,1.0,0.6491420269012451
MZI,MZI,2,50,0.00022955878479738852,0.0010586753487586975,1.0,1.0,0.695533037185669
MZI,MZI,2,51,0.00022021126309742354,0.000984257087111473,1.0,1.0,0.6710155010223389
MZI,MZI,2,52,0.00021254295965523592,0.0009522450272925198,1.0,1.0,0.7798919677734375
MZI,MZI,2,53,0.000204572722681665,0.0009308997541666031,1.0,1.0,0.5819246768951416
MZI,MZI,2,54,0.00019761334385423523,0.0009032965754158795,1.0,1.0,0.5629315376281738
MZI,MZI,2,55,0.00019119157243819375,0.0008752035791985691,1.0,1.0,0.5678849220275879
MZI,MZI,2,56,0.00018461549209730166,0.0008470253669656813,1.0,1.0,0.5551009178161621
MZI,MZI,2,57,0.00017810084744788971,0.0008344790549017489,1.0,1.0,0.5758059024810791
MZI,MZI,2,58,0.0001742423087957182,0.000837745436001569,1.0,1.0,0.639756441116333
MZI,MZI,2,59,0.0001663697608039781,0.0007765652262605727,1.0,1.0,0.5408608913421631
MZI,MZI,2,60,0.0001640198561030307,0.0007100407383404672,1.0,1.0,0.5504820346832275
MZI,MZI,2,61,0.00015760292839591525,0.0007188927265815437,1.0,1.0,0.5644311904907227
MZI,MZI,2,62,0.00015276992094836065,0.0006828397745266557,1.0,1.0,0.5671451091766357
MZI,MZI,2,63,0.00014767604526631268,0.0006858889828436077,1.0,1.0,0.5374002456665039
MZI,MZI,2,64,0.00014297998194316667,0.00065237918170169,1.0,1.0,0.5511155128479004
MZI,MZI,2,65,0.00013921694688698544,0.0006287805736064911,1.0,1.0,0.5594668388366699
MZI,MZI,2,66,0.00013514473726640322,0.0006217382615432143,1.0,1.0,0.5548570156097412
MZI,MZI,2,67,0.00013221405388321727,0.0006329289171844721,1.0,1.0,0.5600361824035645
MZI,MZI,2,68,0.00012758713814296893,0.0006072149844840169,1.0,1.0,0.5415811538696289
MZI,MZI,2,69,0.0001242067974609589,0.0005699882167391479,1.0,1.0,0.6680645942687988
MZI,MZI,2,70,0.00012091512180631981,0.0005499307299032807,1.0,1.0,0.550391435623169
MZI,MZI,2,71,0.0001173966408324694,0.0005404874682426453,1.0,1.0,0.5501272678375244
MZI,MZI,2,72,0.00011460540678984086,0.0005508297472260892,1.0,1.0,0.5251379013061523
MZI,MZI,2,73,0.00011136796903364095,0.0005298484466038644,1.0,1.0,0.6021523475646973
MZI,MZI,2,74,0.00010817970801976376,0.0005165900802239776,1.0,1.0,0.518730640411377
MZI,MZI,2,75,0.00010596683018125727,0.0005122794536873698,1.0,1.0,0.537163496017456
MZI,MZI,2,76,0.00010612928984171179,0.0004368405498098582,1.0,1.0,0.5224368572235107
MZI,MZI,2,77,0.0001007476937957108,0.0004393626004457474,1.0,1.0,0.5369253158569336
MZI,MZI,2,78,9.793034176774589e-05,0.0004562277754303068,1.0,1.0,0.5277628898620605
MZI,MZI,2,79,9.508380254763844e-05,0.00044113912736065686,1.0,1.0,0.5305964946746826
MZI,MZI,2,80,9.320582705965665e-05,0.0004232941719237715,1.0,1.0,0.5086097717285156
MZI,MZI,2,81,9.04498592717573e-05,0.00043230265146121383,1.0,1.0,0.5267210006713867
MZI,MZI,2,82,8.901430358361852e-05,0.000430722429882735,1.0,1.0,0.5259532928466797
MZI,MZI,2,83,8.64165835082531e-05,0.0004093544848728925,1.0,1.0,0.518657922744751
MZI,MZI,2,84,8.442503874123629e-05,0.0003987440431956202,1.0,1.0,0.5288877487182617
MZI,MZI,2,85,8.270125545095652e-05,0.000383938750019297,1.0,1.0,0.5151758193969727
MZI,MZI,2,86,8.120644940520703e-05,0.0003919576993212104,1.0,1.0,0.5171470642089844
MZI,MZI,2,87,7.890054216009698e-05,0.0003623476077336818,1.0,1.0,0.5898082256317139
MZI,MZI,2,88,7.67308749865541e-05,0.00036140793235972524,1.0,1.0,0.5306413173675537
MZI,MZI,2,89,7.521694195539956e-05,0.0003551557310856879,1.0,1.0,0.5304758548736572
MZI,MZI,2,90,7.35486892933425e-05,0.00034848329960368574,1.0,1.0,0.5063662528991699
MZI,MZI,2,91,7.192783086793498e-05,0.0003390868951100856,1.0,1.0,0.5670351982116699
MZI,MZI,2,92,7.021588556069349e-05,0.0003315746143925935,1.0,1.0,0.5179345607757568
MZI,MZI,2,93,6.89442411904955e-05,0.00032131659099832177,1.0,1.0,0.5108327865600586
MZI,MZI,2,94,6.753306879545563e-05,0.0003102889459114522,1.0,1.0,0.531378984451294
MZI,MZI,2,95,6.60985808021256e-05,0.00030577302095480263,1.0,1.0,0.5068864822387695
MZI,MZI,2,96,6.458248525242587e-05,0.0003106703807134181,1.0,1.0,0.5206747055053711
MZI,MZI,2,97,6.361858270663236e-05,0.0002974252565763891,1.0,1.0,0.5130419731140137
MZI,MZI,2,98,6.207717701077595e-05,0.00030288068228401244,1.0,1.0,0.5123562812805176
MZI,MZI,2,99,6.109952113807335e-05,0.0003013729292433709,1.0,1.0,0.5052158832550049
MZI,MZI,2,100,5.986469820657346e-05,0.0002825277333613485,1.0,1.0,0.5123007297515869
MZI,MZI,3,1,0.4755288072994777,0.3557349443435669,0.9428571462631226,0.8333333134651184,0.8239388465881348
MZI,MZI,3,2,0.23973735528332846,0.2518463730812073,0.9571428298950195,0.8999999761581421,0.810938835144043
MZI,MZI,3,3,0.1480885116117341,0.1699737012386322,0.9714285731315613,0.8999999761581421,0.791038990020752
MZI,MZI,3,4,0.08885822828326906,0.10152383893728256,0.9857142567634583,0.9666666388511658,0.8472142219543457
MZI,MZI,3,5,0.05210233266864504,0.055235546082258224,1.0,1.0,0.8742773532867432
MZI,MZI,3,6,0.030671026185154916,0.03775228559970856,1.0,1.0,1.0059375762939453
MZI,MZI,3,7,0.02225460359560592,0.026831232011318207,1.0,1.0,0.9572129249572754
MZI,MZI,3,8,0.016068903962150216,0.01989845372736454,1.0,1.0,0.9168314933776855
MZI,MZI,3,9,0.013488617353141307,0.016354592517018318,1.0,1.0,0.9844090938568115
MZI,MZI,3,10,0.010579445186470237,0.014718519523739815,1.0,1.0,1.0001657009124756
MZI,MZI,3,11,0.011305887844147426,0.011324570514261723,1.0,1.0,0.947145938873291
MZI,MZI,3,12,0.01325957733206451,0.010729405097663403,1.0,1.0,0.9010491371154785
MZI,MZI,3,13,0.025947618185143385,0.07285009324550629,1.0,0.9666666388511658,1.0148210525512695
MZI,MZI,3,14,0.011752496972414,0.03211969509720802,1.0,1.0,1.0357120037078857
MZI,MZI,3,15,0.006550972652621567,0.019194353371858597,1.0,1.0,0.9906697273254395
MZI,MZI,3,16,0.005107170469792826,0.01416513416916132,1.0,1.0,0.9388976097106934
MZI,MZI,3,17,0.004438308726197907,0.010738695040345192,1.0,1.0,0.9658961296081543
MZI,MZI,3,18,0.003695604981788035,0.00925915502011776,1.0,1.0,0.9514725208282471
MZI,MZI,3,19,0.003233122601107295,0.008444583043456078,1.0,1.0,0.9370992183685303
MZI,MZI,3,20,0.0029339528700802475,0.007605188060551882,1.0,1.0,0.9777042865753174
MZI,MZI,3,21,0.002665453778380262,0.006825921591371298,1.0,1.0,0.9519579410552979
MZI,MZI,3,22,0.002391987207478711,0.006220793351531029,1.0,1.0,1.0277087688446045
MZI,MZI,3,23,0.002233354058781905,0.0057830531150102615,1.0,1.0,0.9878420829772949
MZI,MZI,3,24,0.002129255248499768,0.005487820599228144,1.0,1.0,0.9041972160339355
MZI,MZI,3,25,0.002011403871334291,0.005156911443918943,1.0,1.0,0.8793759346008301
MZI,MZI,3,26,0.0017853182965024774,0.0050473446026444435,1.0,1.0,0.9106955528259277
MZI,MZI,3,27,0.0017787456886643278,0.004626684356480837,1.0,1.0,0.9346263408660889
MZI,MZI,3,28,0.0016006178796357875,0.004323598928749561,1.0,1.0,0.8744087219238281
MZI,MZI,3,29,0.001536873762961477,0.0042314413003623486,1.0,1.0,0.911771297454834
MZI,MZI,3,30,0.0015471319177387548,0.0042140912264585495,1.0,1.0,0.886629581451416
MZI,MZI,3,31,0.0014429104466606596,0.003748334711417556,1.0,1.0,0.9021646976470947
MZI,MZI,3,32,0.0012632131767791829,0.003710418241098523,1.0,1.0,0.9112329483032227
MZI,MZI,3,33,0.0011922276227518784,0.0037638945505023003,1.0,1.0,0.983055830001831
MZI,MZI,3,34,0.00122786601381709,0.003306052414700389,1.0,1.0,0.8208980560302734
MZI,MZI,3,35,0.001493664106653471,0.004037708975374699,1.0,1.0,0.7633748054504395
MZI,MZI,3,36,0.0011342644017921495,0.003394236322492361,1.0,1.0,0.7848749160766602
MZI,MZI,3,37,0.0009544114827544295,0.0033478254918009043,1.0,1.0,0.7820272445678711
MZI,MZI,3,38,0.0009094448278899239,0.0034296412486582994,1.0,1.0,0.8466401100158691
MZI,MZI,3,39,0.0008691264326833853,0.003025873564183712,1.0,1.0,0.747124195098877
MZI,MZI,3,40,0.0009102105300241549,0.002982945181429386,1.0,1.0,0.7816805839538574
MZI,MZI,3,41,0.0007954830613536095,0.003063237527385354,1.0,1.0,0.7349624633789062
MZI,MZI,3,42,0.0007465294504072518,0.002944136504083872,1.0,1.0,0.7362549304962158
MZI,MZI,3,43,0.0007273975499889015,0.0027379393577575684,1.0,1.0,0.751192569732666
MZI,MZI,3,44,0.0006727115429904578,0.002706676023080945,1.0,1.0,0.7584872245788574
MZI,MZI,3,45,0.0006770641235302069,0.0025499300099909306,1.0,1.0,0.7759864330291748
MZI,MZI,3,46,0.0006258462638860302,0.0024093969259411097,1.0,1.0,0.8450326919555664
MZI,MZI,3,47,0.0005953886801372781,0.002334257820621133,1.0,1.0,0.7774770259857178
MZI,MZI,3,48,0.0006115290984910513,0.002309564035385847,1.0,1.0,0.6965255737304688
MZI,MZI,3,49,0.0005594362171125665,0.0022710657212883234,1.0,1.0,0.7828140258789062
MZI,MZI,3,50,0.0005347175470628177,0.002236887812614441,1.0,1.0,0.7094409465789795
MZI,MZI,3,51,0.000550177411891387,0.00211820169351995,1.0,1.0,0.6868653297424316
MZI,MZI,3,52,0.0004889613155683037,0.0020874100737273693,1.0,1.0,0.727468729019165
MZI,MZI,3,53,0.0005314766344132035,0.0021242112852633,1.0,1.0,0.7128932476043701
MZI,MZI,3,54,0.0005001626240430466,0.0020125561859458685,1.0,1.0,0.7033426761627197
MZI,MZI,3,55,0.00048258470560540444,0.0020336820743978024,1.0,1.0,0.7011399269104004
MZI,MZI,3,56,0.00042642500255689293,0.0019193144980818033,1.0,1.0,0.7004542350769043
MZI,MZI,3,57,0.0004233231007154765,0.00194479466881603,1.0,1.0,0.7200000286102295
MZI,MZI,3,58,0.0004062420832009853,0.0019133036257699132,1.0,1.0,0.7141127586364746
MZI,MZI,3,59,0.00038407604172659507,0.001843654434196651,1.0,1.0,0.7496585845947266
MZI,MZI,3,60,0.0003959810779113988,0.0017904072301462293,1.0,1.0,0.700934886932373
MZI,MZI,3,61,0.0003593792287054904,0.0017413327004760504,1.0,1.0,0.7135331630706787
MZI,MZI,3,62,0.0003532534968274246,0.001791096874512732,1.0,1.0,0.7438349723815918
MZI,MZI,3,63,0.0003468953857269038,0.0017297978047281504,1.0,1.0,0.7011737823486328
MZI,MZI,3,64,0.000316252304712959,0.0016424028435721993,1.0,1.0,0.7026078701019287
MZI,MZI,3,65,0.00032602606346959615,0.0016244306461885571,1.0,1.0,0.6977999210357666
MZI,MZI,3,66,0.0002992283100736261,0.0015383691061288118,1.0,1.0,0.6946604251861572
MZI,MZI,3,67,0.00028844627714923784,0.0015137940645217896,1.0,1.0,0.7008039951324463
MZI,MZI,3,68,0.0002845292958227219,0.0014736693119630218,1.0,1.0,0.6865875720977783
MZI,MZI,3,69,0.0003102383611673888,0.0015955875860527158,1.0,1.0,0.7037513256072998
MZI,MZI,3,70,0.00026552512055267084,0.0015100702876225114,1.0,1.0,0.7102124691009521
MZI,MZI,3,71,0.0002493399701311968,0.0014323205687105656,1.0,1.0,0.6801581382751465
MZI,MZI,3,72,0.00025296801645059274,0.0014222103636711836,1.0,1.0,0.7499127388000488
MZI,MZI,3,73,0.00025017819365790014,0.0013788669602945447,1.0,1.0,0.6701912879943848
MZI,MZI,3,74,0.00022859386912646836,0.0013517456827685237,1.0,1.0,0.6677992343902588
MZI,MZI,3,75,0.0002321645804061388,0.0013181304093450308,1.0,1.0,0.6666882038116455
MZI,MZI,3,76,0.00021576925261927369,0.001298370654694736,1.0,1.0,0.6616175174713135
MZI,MZI,3,77,0.00021243836124215575,0.0012044183677062392,1.0,1.0,0.6570844650268555
MZI,MZI,3,78,0.00021148447837861437,0.0012036401312798262,1.0,1.0,0.6524522304534912
MZI,MZI,3,79,0.00020846479076551207,0.0011658701114356518,1.0,1.0,0.6397507190704346
MZI,MZI,3,80,0.0002036131163549726,0.0011582125443965197,1.0,1.0,0.6570663452148438
MZI,MZI,3,81,0.00019362828911003558,0.001132272183895111,1.0,1.0,0.6413326263427734
MZI,MZI,3,82,0.0001842790577159446,0.0011161562288179994,1.0,1.0,0.6152236461639404
MZI,MZI,3,83,0.00017834471075600178,0.0010895089944824576,1.0,1.0,0.6529338359832764
MZI,MZI,3,84,0.0001752895267470324,0.001071624574251473,1.0,1.0,0.6921584606170654
MZI,MZI,3,85,0.00016479711061297817,0.001043482800014317,1.0,1.0,0.6367499828338623
MZI,MZI,3,86,0.00016736173981501322,0.0010232445783913136,1.0,1.0,0.6353330612182617
MZI,MZI,3,87,0.00016342667966975048,0.0010066048707813025,1.0,1.0,0.6302394866943359
MZI,MZI,3,88,0.0001551629798216579,0.0009914699476212263,1.0,1.0,0.602104902267456
MZI,MZI,3,89,0.0001492962374608656,0.000970135850366205,1.0,1.0,0.6157793998718262
MZI,MZI,3,90,0.00015156105434601028,0.0009449131321161985,1.0,1.0,0.6121652126312256
MZI,MZI,3,91,0.00014092501101653658,0.0009281325037591159,1.0,1.0,0.6076509952545166
MZI,MZI,3,92,0.00014025419241079363,0.0009157349704764783,1.0,1.0,0.5796980857849121
MZI,MZI,3,93,0.00013539063054070408,0.0008878232329152524,1.0,1.0,0.6152811050415039
MZI,MZI,3,94,0.0001343962100301204,0.0008713158313184977,1.0,1.0,0.6207492351531982
MZI,MZI,3,95,0.0001268479875891769,0.0008575321407988667,1.0,1.0,0.6149249076843262
MZI,MZI,3,96,0.00012455701038821383,0.0008344106026925147,1.0,1.0,0.6160757541656494
MZI,MZI,3,97,0.00012088253840504746,0.0008154863608069718,1.0,1.0,0.6203625202178955
MZI,MZI,3,98,0.00011741548280822047,0.0007901077624410391,1.0,1.0,0.6081671714782715
MZI,MZI,3,99,0.00011563199740781524,0.0007729718345217407,1.0,1.0,0.6088106632232666
MZI,MZI,3,100,0.00011429448137018231,0.000760706898290664,1.0,1.0,0.6948869228363037
CNOT-chain,CNOT,1,1,0.5883262148925237,0.5540076494216919,0.8285714387893677,0.6666666865348816,0.1633012294769287
CNOT-chain,CNOT,1,2,0.42706674081938606,0.43036338686943054,0.8571428656578064,0.7666666507720947,0.1777653694152832
CNOT-chain,CNOT,1,3,0.34315328299999237,0.38200676441192627,0.8571428656578064,0.800000011920929,0.19408154487609863
CNOT-chain,CNOT,1,4,0.3035841716187341,0.32468757033348083,0.8999999761581421,0.8333333134651184,0.1934642791748047
CNOT-chain,CNOT,1,5,0.2691309462700571,0.29043400287628174,0.9142857193946838,0.8666666746139526,0.19062471389770508
CNOT-chain,CNOT,1,6,0.2510424011519977,0.27312755584716797,0.9285714030265808,0.8666666746139526,0.18755722045898438
CNOT-chain,CNOT,1,7,0.23326665695224488,0.25694411993026733,0.9428571462631226,0.8666666746139526,0.18987798690795898
CNOT-chain,CNOT,1,8,0.22811997867455439,0.23937223851680756,0.9428571462631226,0.8999999761581421,0.20532917976379395
CNOT-chain,CNOT,1,9,0.21765950928841318,0.2559228241443634,0.9428571462631226,0.8666666746139526,0.1641089916229248
CNOT-chain,CNOT,1,10,0.21098874743495669,0.24378269910812378,0.9285714030265808,0.8999999761581421,0.15580272674560547
CNOT-chain,CNOT,1,11,0.20761043003627233,0.2894892692565918,0.9142857193946838,0.8666666746139526,0.17012739181518555
CNOT-chain,CNOT,1,12,0.18874189478478262,0.2596553862094879,0.9571428298950195,0.8666666746139526,0.16540217399597168
CNOT-chain,CNOT,1,13,0.18087404130824974,0.2600879967212677,0.9571428298950195,0.8666666746139526,0.16644287109375
CNOT-chain,CNOT,1,14,0.17216431413378033,0.2548080086708069,0.9571428298950195,0.8666666746139526,0.16526079177856445
CNOT-chain,CNOT,1,15,0.16880396367715939,0.27292558550834656,0.9428571462631226,0.8666666746139526,0.18046188354492188
CNOT-chain,CNOT,1,16,0.1600515257034983,0.27624258399009705,0.9571428298950195,0.8666666746139526,0.16349291801452637
CNOT-chain,CNOT,1,17,0.15597646406718663,0.307588130235672,0.9571428298950195,0.8666666746139526,0.16884565353393555
CNOT-chain,CNOT,1,18,0.14784334179878766,0.30626195669174194,0.9714285731315613,0.8666666746139526,0.15942835807800293
CNOT-chain,CNOT,1,19,0.14136439987591334,0.3260369300842285,0.9571428298950195,0.8999999761581421,0.1486196517944336
CNOT-chain,CNOT,1,20,0.14127051002745117,0.334188848733902,0.9714285731315613,0.8999999761581421,0.1503744125366211
CNOT-chain,CNOT,1,21,0.13986800094800336,0.3937841057777405,0.9571428298950195,0.8666666746139526,0.1392817497253418
CNOT-chain,CNOT,1,22,0.14724446801202637,0.3496992886066437,0.9428571462631226,0.8999999761581421,0.15308475494384766
CNOT-chain,CNOT,1,23,0.13949209010627653,0.3780692219734192,0.9571428298950195,0.8999999761581421,0.13909268379211426
CNOT-chain,CNOT,1,24,0.1328274976728218,0.403533399105072,0.9571428298950195,0.8999999761581421,0.14543366432189941
CNOT-chain,CNOT,1,25,0.1320318604154246,0.42326852679252625,0.9428571462631226,0.8666666746139526,0.13988924026489258
CNOT-chain,CNOT,1,26,0.13993946625185863,0.4231979548931122,0.9428571462631226,0.8333333134651184,0.1309657096862793
CNOT-chain,CNOT,1,27,0.11519095993717202,0.37379249930381775,0.9428571462631226,0.8666666746139526,0.14260053634643555
CNOT-chain,CNOT,1,28,0.11840065577998757,0.48278072476387024,0.9428571462631226,0.8666666746139526,0.1346585750579834
CNOT-chain,CNOT,1,29,0.14655187692759292,0.4246172606945038,0.9428571462631226,0.8666666746139526,0.13645648956298828
CNOT-chain,CNOT,1,30,0.13008643085070487,0.45902392268180847,0.9428571462631226,0.8666666746139526,0.1334676742553711
CNOT-chain,CNOT,1,31,0.11694607999441879,0.48492851853370667,0.9571428298950195,0.8666666746139526,0.14182162284851074
CNOT-chain,CNOT,1,32,0.10991842930670828,0.3993852734565735,0.9285714030265808,0.8666666746139526,0.1386404037475586
CNOT-chain,CNOT,1,33,0.12102556150140507,0.4543811082839966,0.9571428298950195,0.8666666746139526,0.14358258247375488
CNOT-chain,CNOT,1,34,0.10942372512737555,0.506117582321167,0.9428571462631226,0.8666666746139526,0.1379079818725586
CNOT-chain,CNOT,1,35,0.10249995943824096,0.5173906683921814,0.9571428298950195,0.8666666746139526,0.14030170440673828
CNOT-chain,CNOT,1,36,0.10554896064900926,0.5443127751350403,0.9571428298950195,0.8333333134651184,0.15491223335266113
CNOT-chain,CNOT,1,37,0.1122875983560724,0.5971927642822266,0.9571428298950195,0.8333333134651184,0.14082694053649902
CNOT-chain,CNOT,1,38,0.08914698059005396,0.5488882660865784,0.9714285731315613,0.8666666746139526,0.14530634880065918
CNOT-chain,CNOT,1,39,0.10229451762778419,0.6508482694625854,0.9714285731315613,0.8333333134651184,0.14268803596496582
CNOT-chain,CNOT,1,40,0.112380093415933,0.6599057912826538,0.9571428298950195,0.8333333134651184,0.1301729679107666
CNOT-chain,CNOT,1,41,0.09605914144111531,0.5416576266288757,0.9857142567634583,0.8666666746139526,0.14397239685058594
CNOT-chain,CNOT,1,42,0.08170841211186988,0.6175948977470398,0.9714285731315613,0.8666666746139526,0.17824864387512207
CNOT-chain,CNOT,1,43,0.07268194803410942,0.6433899402618408,1.0,0.8666666746139526,0.14743304252624512
CNOT-chain,CNOT,1,44,0.06483077941894798,0.6507273316383362,1.0,0.8666666746139526,0.13736987113952637
CNOT-chain,CNOT,1,45,0.07143566031008959,0.6494444608688354,1.0,0.8666666746139526,0.14020109176635742
CNOT-chain,CNOT,1,46,0.06712092064054949,0.6858665347099304,0.9857142567634583,0.8666666746139526,0.14361190795898438
CNOT-chain,CNOT,1,47,0.06396605429638709,0.6082141399383545,0.9857142567634583,0.8666666746139526,0.1763298511505127
CNOT-chain,CNOT,1,48,0.07477518514330898,0.6851902604103088,1.0,0.8666666746139526,0.13855528831481934
CNOT-chain,CNOT,1,49,0.050698118367498476,0.6961953639984131,0.9857142567634583,0.8666666746139526,0.12753796577453613
CNOT-chain,CNOT,1,50,0.057872101240250884,0.7168158888816833,0.9857142567634583,0.8666666746139526,0.1650998592376709
CNOT-chain,CNOT,1,51,0.052522206273196,0.7228570580482483,1.0,0.8666666746139526,0.1765596866607666
CNOT-chain,CNOT,1,52,0.05121982252707572,0.701434850692749,1.0,0.8666666746139526,0.16087651252746582
CNOT-chain,CNOT,1,53,0.05185304145727839,0.7760797739028931,1.0,0.8666666746139526,0.152327299118042
CNOT-chain,CNOT,1,54,0.047750132660647586,0.7407590746879578,1.0,0.8666666746139526,0.16796326637268066
CNOT-chain,CNOT,1,55,0.04912399367229747,0.7555765509605408,1.0,0.8666666746139526,0.1569380760192871
CNOT-chain,CNOT,1,56,0.04627379838909421,0.7954972982406616,1.0,0.8666666746139526,0.14287304878234863
CNOT-chain,CNOT,1,57,0.04703549552110157,0.8774775266647339,1.0,0.8666666746139526,0.13724398612976074
CNOT-chain,CNOT,1,58,0.04359887340979185,0.8116468787193298,1.0,0.8666666746139526,0.13899946212768555
CNOT-chain,CNOT,1,59,0.04336009267384985,0.8035103678703308,1.0,0.8666666746139526,0.13785767555236816
CNOT-chain,CNOT,1,60,0.04037603455861764,0.8607667088508606,1.0,0.8666666746139526,0.14429569244384766
CNOT-chain,CNOT,1,61,0.04003142461712871,0.8727567195892334,1.0,0.8666666746139526,0.13376307487487793
CNOT-chain,CNOT,1,62,0.04097915268884792,0.8581424951553345,1.0,0.8666666746139526,0.1455397605895996
CNOT-chain,CNOT,1,63,0.04003090333218487,0.8886487483978271,1.0,0.8666666746139526,0.13173508644104004
CNOT-chain,CNOT,1,64,0.04694334974881522,0.8448792695999146,1.0,0.8666666746139526,0.1359086036682129
CNOT-chain,CNOT,1,65,0.03800945487871234,0.8734670281410217,1.0,0.8666666746139526,0.14690327644348145
CNOT-chain,CNOT,1,66,0.041175176120097086,0.8566811084747314,1.0,0.8666666746139526,0.1383817195892334
CNOT-chain,CNOT,1,67,0.059901597899313076,0.8609343767166138,0.9857142567634583,0.8666666746139526,0.1346874237060547
CNOT-chain,CNOT,1,68,0.04283056692469732,0.8281034231185913,0.9857142567634583,0.8666666746139526,0.13932156562805176
CNOT-chain,CNOT,1,69,0.051609334416676235,0.834461510181427,0.9857142567634583,0.8666666746139526,0.13036346435546875
CNOT-chain,CNOT,1,70,0.050008647509717515,0.9482975006103516,1.0,0.8666666746139526,0.13664484024047852
CNOT-chain,CNOT,1,71,0.03881338156892785,0.9190407991409302,1.0,0.8666666746139526,0.14905023574829102
CNOT-chain,CNOT,1,72,0.028680614806112965,0.9870507717132568,1.0,0.8666666746139526,0.14418482780456543
CNOT-chain,CNOT,1,73,0.03039242390909099,0.9567899703979492,1.0,0.8666666746139526,0.14277005195617676
CNOT-chain,CNOT,1,74,0.0291966235664274,1.038979172706604,1.0,0.8666666746139526,0.15808892250061035
CNOT-chain,CNOT,1,75,0.027976685552442048,0.9917777180671692,1.0,0.8666666746139526,0.13608074188232422
CNOT-chain,CNOT,1,76,0.02690596670560938,1.0033633708953857,1.0,0.8666666746139526,0.13787317276000977
CNOT-chain,CNOT,1,77,0.026609838521108032,1.0839762687683105,1.0,0.8666666746139526,0.14504361152648926
CNOT-chain,CNOT,1,78,0.029186853427173837,0.95473712682724,1.0,0.8666666746139526,0.14696359634399414
CNOT-chain,CNOT,1,79,0.026631498313510145,1.0438348054885864,1.0,0.8666666746139526,0.13765549659729004
CNOT-chain,CNOT,1,80,0.02503119368985409,1.090477466583252,1.0,0.8666666746139526,0.13423395156860352
CNOT-chain,CNOT,1,81,0.02657594629729699,1.0390187501907349,1.0,0.8666666746139526,0.14481759071350098
CNOT-chain,CNOT,1,82,0.025169284425542823,1.0858194828033447,1.0,0.8666666746139526,0.1362161636352539
CNOT-chain,CNOT,1,83,0.0338490730850026,0.9573381543159485,1.0,0.8666666746139526,0.13759136199951172
CNOT-chain,CNOT,1,84,0.024541478683074405,1.103469729423523,1.0,0.8666666746139526,0.1360015869140625
CNOT-chain,CNOT,1,85,0.03449089237089668,1.0394635200500488,1.0,0.8666666746139526,0.1462385654449463
CNOT-chain,CNOT,1,86,0.033761253454057234,1.001055121421814,1.0,0.8666666746139526,0.14379191398620605
CNOT-chain,CNOT,1,87,0.030477417702786624,1.0382776260375977,1.0,0.8666666746139526,0.14138102531433105
CNOT-chain,CNOT,1,88,0.025560036393913573,1.162641167640686,1.0,0.8666666746139526,0.15244770050048828
CNOT-chain,CNOT,1,89,0.02478132875251549,1.1828246116638184,1.0,0.8666666746139526,0.1435396671295166
CNOT-chain,CNOT,1,90,0.020318931548016346,1.1446853876113892,1.0,0.8666666746139526,0.15105676651000977
CNOT-chain,CNOT,1,91,0.024817801039483,1.0928915739059448,1.0,0.8666666746139526,0.12966370582580566
CNOT-chain,CNOT,1,92,0.03516900302418193,1.279110074043274,1.0,0.8666666746139526,0.13791394233703613
CNOT-chain,CNOT,1,93,0.03884426770403349,1.092118740081787,1.0,0.8666666746139526,0.1334836483001709
CNOT-chain,CNOT,1,94,0.04991563639385368,1.0273407697677612,0.9857142567634583,0.8666666746139526,0.1434037685394287
CNOT-chain,CNOT,1,95,0.07042100245765011,1.2396153211593628,1.0,0.8666666746139526,0.15258359909057617
CNOT-chain,CNOT,1,96,0.0883164438323677,1.075793981552124,0.9857142567634583,0.8666666746139526,0.1413896083831787
CNOT-chain,CNOT,1,97,0.047661471137377835,1.1546217203140259,0.9714285731315613,0.8666666746139526,0.1457202434539795
CNOT-chain,CNOT,1,98,0.07086358875822044,0.9096081256866455,0.9857142567634583,0.8666666746139526,0.13523411750793457
CNOT-chain,CNOT,1,99,0.037666074805227774,1.089917778968811,1.0,0.8666666746139526,0.13959455490112305
CNOT-chain,CNOT,1,100,0.030840542270951638,1.1224312782287598,1.0,0.8666666746139526,0.1357266902923584
CNOT-chain,CNOT,2,1,0.5569217809609004,0.499004989862442,0.8857142925262451,0.800000011920929,0.328458309173584
CNOT-chain,CNOT,2,2,0.34203209302255083,0.3679400682449341,0.9428571462631226,0.8999999761581421,0.3331265449523926
CNOT-chain,CNOT,2,3,0.18740947927747453,0.26958611607551575,0.9857142567634583,0.9333333373069763,0.32532477378845215
CNOT-chain,CNOT,2,4,0.09096165043967111,0.24625827372074127,0.9857142567634583,0.9333333373069763,0.3348250389099121
CNOT-chain,CNOT,2,5,0.04812067055276462,0.19592522084712982,1.0,0.9333333373069763,0.3171842098236084
CNOT-chain,CNOT,2,6,0.028405607385294778,0.16196425259113312,1.0,0.9333333373069763,0.29439663887023926
CNOT-chain,CNOT,2,7,0.02468709283109222,0.18098582327365875,1.0,0.9333333373069763,0.29501938819885254
CNOT-chain,CNOT,2,8,0.01605640858677881,0.17163613438606262,1.0,0.9333333373069763,0.28322625160217285
CNOT-chain,CNOT,2,9,0.011508168945355075,0.17097987234592438,1.0,0.9333333373069763,0.33084988594055176
CNOT-chain,CNOT,2,10,0.009169550452913558,0.167465478181839,1.0,0.9333333373069763,0.34949398040771484
CNOT-chain,CNOT,2,11,0.007896704945181098,0.16173714399337769,1.0,0.9333333373069763,0.36582517623901367
CNOT-chain,CNOT,2,12,0.00640638710132667,0.1578059196472168,1.0,0.9666666388511658,0.33620190620422363
CNOT-chain,CNOT,2,13,0.00556257186856653,0.14784257113933563,1.0,0.9666666388511658,0.3213794231414795
CNOT-chain,CNOT,2,14,0.004888207827960806,0.15077215433120728,1.0,0.9666666388511658,0.28774452209472656
CNOT-chain,CNOT,2,15,0.004295568846698318,0.14600607752799988,1.0,0.9666666388511658,0.2849433422088623
CNOT-chain,CNOT,2,16,0.003728346692930375,0.14789602160453796,1.0,0.9666666388511658,0.2699308395385742
CNOT-chain,CNOT,2,17,0.0034318286746773605,0.1558607518672943,1.0,0.9666666388511658,0.28717899322509766
CNOT-chain,CNOT,2,18,0.003119709698616394,0.15234851837158203,1.0,0.9666666388511658,0.31352901458740234
CNOT-chain,CNOT,2,19,0.002701159648131579,0.15112453699111938,1.0,0.9666666388511658,0.29573655128479004
CNOT-chain,CNOT,2,20,0.0025274768793938814,0.14406806230545044,1.0,0.9666666388511658,0.2921762466430664
CNOT-chain,CNOT,2,21,0.002212441948358901,0.15120382606983185,1.0,0.9666666388511658,0.29009056091308594
CNOT-chain,CNOT,2,22,0.002041476482658514,0.15197928249835968,1.0,0.9666666388511658,0.28083276748657227
CNOT-chain,CNOT,2,23,0.001913178209049095,0.15370112657546997,1.0,0.9666666388511658,0.27695226669311523
CNOT-chain,CNOT,2,24,0.001734962490653353,0.14940665662288666,1.0,0.9666666388511658,0.2734189033508301
CNOT-chain,CNOT,2,25,0.0016089779790490865,0.15056797862052917,1.0,0.9666666388511658,0.27480340003967285
CNOT-chain,CNOT,2,26,0.0014966349857526698,0.15092697739601135,1.0,0.9666666388511658,0.30786609649658203
CNOT-chain,CNOT,2,27,0.0014386469797630396,0.15290524065494537,1.0,0.9666666388511658,0.2697739601135254
CNOT-chain,CNOT,2,28,0.0013014864791849894,0.15031933784484863,1.0,0.9666666388511658,0.28546595573425293
CNOT-chain,CNOT,2,29,0.0012381033107106176,0.15212371945381165,1.0,0.9666666388511658,0.30978989601135254
CNOT-chain,CNOT,2,30,0.0011605375396486904,0.152560755610466,1.0,0.9666666388511658,0.40854716300964355
CNOT-chain,CNOT,2,31,0.0011139391792572236,0.16079279780387878,1.0,0.9666666388511658,0.4140486717224121
CNOT-chain,CNOT,2,32,0.0010365974490663835,0.15953710675239563,1.0,0.9666666388511658,0.4178640842437744
CNOT-chain,CNOT,2,33,0.0009737873936371345,0.15717214345932007,1.0,0.9666666388511658,0.416501522064209
CNOT-chain,CNOT,2,34,0.0009302198454471571,0.16180725395679474,1.0,0.9666666388511658,0.4199838638305664
CNOT-chain,CNOT,2,35,0.0008659667335450649,0.1622418612241745,1.0,0.9666666388511658,0.37831950187683105
CNOT-chain,CNOT,2,36,0.0008377890572384266,0.15816791355609894,1.0,0.9666666388511658,0.40661191940307617
CNOT-chain,CNOT,2,37,0.0007800307948075767,0.16271278262138367,1.0,0.9666666388511658,0.39745569229125977
CNOT-chain,CNOT,2,38,0.0007384306925814598,0.1641823649406433,1.0,0.9666666388511658,0.41437721252441406
CNOT-chain,CNOT,2,39,0.0007031365314365498,0.16329021751880646,1.0,0.9666666388511658,0.46514463424682617
CNOT-chain,CNOT,2,40,0.0006835023564885237,0.16042208671569824,1.0,0.9666666388511658,0.4082956314086914
CNOT-chain,CNOT,2,41,0.0006501607621820377,0.1691608726978302,1.0,0.9666666388511658,0.4228246212005615
CNOT-chain,CNOT,2,42,0.00061997546238542,0.16398456692695618,1.0,0.9666666388511658,0.4201498031616211
CNOT-chain,CNOT,2,43,0.0005862785677891224,0.1626286804676056,1.0,0.9666666388511658,0.43441247940063477
CNOT-chain,CNOT,2,44,0.0005636053388505908,0.16881953179836273,1.0,0.9666666388511658,0.4413721561431885
CNOT-chain,CNOT,2,45,0.0005335879988186727,0.16770097613334656,1.0,0.9666666388511658,0.49189114570617676
CNOT-chain,CNOT,2,46,0.0005145782808540389,0.16996058821678162,1.0,0.9666666388511658,0.5099976062774658
CNOT-chain,CNOT,2,47,0.0004983021611613887,0.16799527406692505,1.0,0.9666666388511658,0.5368943214416504
CNOT-chain,CNOT,2,48,0.00047380569906506153,0.16981667280197144,1.0,0.9666666388511658,0.5646646022796631
CNOT-chain,CNOT,2,49,0.0004495241043124614,0.17191730439662933,1.0,0.9666666388511658,0.5429110527038574
CNOT-chain,CNOT,2,50,0.00043321841658325864,0.17279258370399475,1.0,0.9666666388511658,0.5403547286987305
CNOT-chain,CNOT,2,51,0.00041887538349588536,0.17348352074623108,1.0,0.9666666388511658,0.528191328048706
CNOT-chain,CNOT,2,52,0.0004020204447442666,0.17415516078472137,1.0,0.9666666388511658,0.529538631439209
CNOT-chain,CNOT,2,53,0.00039131557236292533,0.1738981306552887,1.0,0.9666666388511658,0.5450634956359863
CNOT-chain,CNOT,2,54,0.0003772280253802559,0.17622004449367523,1.0,0.9666666388511658,0.6859738826751709
CNOT-chain,CNOT,2,55,0.00036223999351412724,0.17561674118041992,1.0,0.9666666388511658,0.6239087581634521
CNOT-chain,CNOT,2,56,0.0003492602174186946,0.1753006875514984,1.0,0.9666666388511658,0.6590113639831543
CNOT-chain,CNOT,2,57,0.00033654097704649235,0.17605862021446228,1.0,0.9666666388511658,0.6480300426483154
CNOT-chain,CNOT,2,58,0.0003257348692776369,0.17714621126651764,1.0,0.9666666388511658,0.6194236278533936
CNOT-chain,CNOT,2,59,0.0003146310344163794,0.1773875653743744,1.0,0.9666666388511658,0.622398853302002
CNOT-chain,CNOT,2,60,0.00030902209083641147,0.1776961237192154,1.0,0.9666666388511658,0.6146540641784668
CNOT-chain,CNOT,2,61,0.0002960273169654621,0.178318589925766,1.0,0.9666666388511658,0.6264095306396484
CNOT-chain,CNOT,2,62,0.0002890126979244607,0.17937897145748138,1.0,0.9666666388511658,0.6043212413787842
CNOT-chain,CNOT,2,63,0.0002784986490171702,0.1814989447593689,1.0,0.9666666388511658,0.6450555324554443
CNOT-chain,CNOT,2,64,0.00027105021706250095,0.18041612207889557,1.0,0.9666666388511658,0.6383748054504395
CNOT-chain,CNOT,2,65,0.00026149401861143165,0.17971865832805634,1.0,0.9666666388511658,0.6161346435546875
CNOT-chain,CNOT,2,66,0.0002566703515185509,0.18270044028759003,1.0,0.9666666388511658,0.6268746852874756
CNOT-chain,CNOT,2,67,0.00024776120501753343,0.18305659294128418,1.0,0.9666666388511658,0.6439540386199951
CNOT-chain,CNOT,2,68,0.00023811124017031815,0.1826915144920349,1.0,0.9666666388511658,0.7768805027008057
CNOT-chain,CNOT,2,69,0.00023485098125612628,0.18417268991470337,1.0,0.9666666388511658,0.6435377597808838
CNOT-chain,CNOT,2,70,0.00022637791532490934,0.18427416682243347,1.0,0.9666666388511658,0.5759298801422119
CNOT-chain,CNOT,2,71,0.00021834981369985533,0.18498942255973816,1.0,0.9666666388511658,0.5819761753082275
CNOT-chain,CNOT,2,72,0.00021290482379429575,0.1857665479183197,1.0,0.9666666388511658,0.5906968116760254
CNOT-chain,CNOT,2,73,0.00020859854485024698,0.18834944069385529,1.0,0.9666666388511658,0.6330101490020752
CNOT-chain,CNOT,2,74,0.00020132531358935273,0.18724456429481506,1.0,0.9666666388511658,0.6301512718200684
CNOT-chain,CNOT,2,75,0.0001968621398970884,0.187564417719841,1.0,0.9666666388511658,0.5680277347564697
CNOT-chain,CNOT,2,76,0.0001915739270251444,0.1902591437101364,1.0,0.9666666388511658,0.5594570636749268
CNOT-chain,CNOT,2,77,0.0001862209429548654,0.1916828453540802,1.0,0.9666666388511658,0.5727779865264893
CNOT-chain,CNOT,2,78,0.00018058693811846233,0.1909773051738739,1.0,0.9666666388511658,0.5773398876190186
CNOT-chain,CNOT,2,79,0.0001754202387798744,0.19186712801456451,1.0,0.9666666388511658,0.5567176342010498
CNOT-chain,CNOT,2,80,0.00017126551184836508,0.19255250692367554,1.0,0.9666666388511658,0.555692195892334
CNOT-chain,CNOT,2,81,0.0001665938304670687,0.1927403062582016,1.0,0.9666666388511658,0.5708775520324707
CNOT-chain,CNOT,2,82,0.00016161544455306804,0.19352249801158905,1.0,0.9666666388511658,0.5921306610107422
CNOT-chain,CNOT,2,83,0.0001586536985996645,0.19421717524528503,1.0,0.9666666388511658,0.524888277053833
CNOT-chain,CNOT,2,84,0.000155460494612011,0.19601698219776154,1.0,0.9666666388511658,0.5807485580444336
CNOT-chain,CNOT,2,85,0.00015148938925904076,0.19504189491271973,1.0,0.9666666388511658,0.5500423908233643
CNOT-chain,CNOT,2,86,0.0001476503476234419,0.195399209856987,1.0,0.9666666388511658,0.5617012977600098
CNOT-chain,CNOT,2,87,0.00014351873074442016,0.19535531103610992,1.0,0.9666666388511658,0.54488205909729
CNOT-chain,CNOT,2,88,0.00014064175801260198,0.19550852477550507,1.0,0.9666666388511658,0.5536608695983887
CNOT-chain,CNOT,2,89,0.00013587132374855824,0.1980402171611786,1.0,0.9666666388511658,0.5548632144927979
CNOT-chain,CNOT,2,90,0.00013402252547426282,0.20060373842716217,1.0,0.9666666388511658,0.5749759674072266
CNOT-chain,CNOT,2,91,0.0001316774585575331,0.20146213471889496,1.0,0.9666666388511658,0.6041262149810791
CNOT-chain,CNOT,2,92,0.00012900717275832514,0.20306618511676788,1.0,0.9666666388511658,0.6144580841064453
CNOT-chain,CNOT,2,93,0.00012655055610853846,0.1998271644115448,1.0,0.9666666388511658,0.59244704246521
CNOT-chain,CNOT,2,94,0.0001223633857664806,0.20249046385288239,1.0,0.9666666388511658,0.5803847312927246
CNOT-chain,CNOT,2,95,0.00011964396593871892,0.2007383555173874,1.0,0.9666666388511658,0.6039972305297852
CNOT-chain,CNOT,2,96,0.000116626100654165,0.20243175327777863,1.0,0.9666666388511658,0.6550002098083496
CNOT-chain,CNOT,2,97,0.00011388969032850582,0.2022203952074051,1.0,0.9666666388511658,0.5484371185302734
CNOT-chain,CNOT,2,98,0.00011230440567097893,0.20395208895206451,1.0,0.9666666388511658,0.5638823509216309
CNOT-chain,CNOT,2,99,0.0001090567150510781,0.20353294909000397,1.0,0.9666666388511658,0.544097900390625
CNOT-chain,CNOT,2,100,0.00010746000098151853,0.20398129522800446,1.0,0.9666666388511658,0.5319209098815918
CNOT-chain,CNOT,3,1,0.6661637689386095,0.6268113851547241,0.800000011920929,0.6333333253860474,0.5571644306182861
CNOT-chain,CNOT,3,2,0.4740070653813226,0.43970999121665955,0.8999999761581421,0.7666666507720947,0.5748109817504883
CNOT-chain,CNOT,3,3,0.3140903515475137,0.24673455953598022,0.9428571462631226,0.9333333373069763,0.5547730922698975
CNOT-chain,CNOT,3,4,0.19376564409051622,0.1686149537563324,0.9714285731315613,0.9666666388511658,0.5099282264709473
CNOT-chain,CNOT,3,5,0.11206522392375129,0.1114315316081047,0.9714285731315613,1.0,0.5789830684661865
CNOT-chain,CNOT,3,6,0.06439555824867317,0.07724189758300781,0.9857142567634583,1.0,0.5295538902282715
CNOT-chain,CNOT,3,7,0.043094065599143506,0.05820954218506813,0.9857142567634583,1.0,0.6361165046691895
CNOT-chain,CNOT,3,8,0.04211764201255781,0.04483354091644287,1.0,1.0,0.614243745803833
CNOT-chain,CNOT,3,9,0.04370085597038269,0.06346926093101501,1.0,0.9666666388511658,0.6317019462585449
CNOT-chain,CNOT,3,10,0.03243868063603129,0.06468547880649567,1.0,0.9666666388511658,0.6162476539611816
CNOT-chain,CNOT,3,11,0.09288255314209631,0.2698444426059723,0.9714285731315613,0.8666666746139526,0.6259219646453857
CNOT-chain,CNOT,3,12,0.09112661605301713,0.1996302753686905,0.9857142567634583,0.9333333373069763,0.736025333404541
CNOT-chain,CNOT,3,13,0.06255230425324823,0.12492956966161728,0.9857142567634583,0.9666666388511658,0.7230308055877686
CNOT-chain,CNOT,3,14,0.03142910672218672,0.1171068325638771,1.0,0.9666666388511658,0.7098555564880371
CNOT-chain,CNOT,3,15,0.019759553793950804,0.10206849873065948,1.0,0.9666666388511658,0.7396109104156494
CNOT-chain,CNOT,3,16,0.01279141714663378,0.08576572686433792,1.0,0.9666666388511658,0.7081191539764404
CNOT-chain,CNOT,3,17,0.009425213956274093,0.08109942078590393,1.0,0.9666666388511658,0.7242488861083984
CNOT-chain,CNOT,3,18,0.007265093929267355,0.08086951822042465,1.0,0.9666666388511658,0.8914964199066162
CNOT-chain,CNOT,3,19,0.005870744758950813,0.06907633692026138,1.0,0.9666666388511658,0.9195432662963867
CNOT-chain,CNOT,3,20,0.004912509395009173,0.06967934221029282,1.0,0.9666666388511658,0.8880736827850342
CNOT-chain,CNOT,3,21,0.004269542586657085,0.0636463314294815,1.0,0.9666666388511658,0.8837099075317383
CNOT-chain,CNOT,3,22,0.0036652441668723313,0.058714427053928375,1.0,0.9666666388511658,0.8629541397094727
CNOT-chain,CNOT,3,23,0.0032410713145509364,0.05369880422949791,1.0,0.9666666388511658,0.8604655265808105
CNOT-chain,CNOT,3,24,0.002862600483266371,0.05263856425881386,1.0,0.9666666388511658,0.8684735298156738
CNOT-chain,CNOT,3,25,0.002602906069452209,0.051017098128795624,1.0,0.9666666388511658,0.8868277072906494
CNOT-chain,CNOT,3,26,0.002329341190800603,0.04981054365634918,1.0,0.9666666388511658,0.8872370719909668
CNOT-chain,CNOT,3,27,0.002121777619634356,0.04413266479969025,1.0,0.9666666388511658,0.8667092323303223
CNOT-chain,CNOT,3,28,0.0019482176518067717,0.0404009185731411,1.0,0.9666666388511658,0.9850554466247559
CNOT-chain,CNOT,3,29,0.001803204244268792,0.03949447348713875,1.0,0.9666666388511658,0.8954005241394043
CNOT-chain,CNOT,3,30,0.0016732911246695689,0.035468827933073044,1.0,0.9666666388511658,0.8063154220581055
CNOT-chain,CNOT,3,31,0.0015575905613202069,0.03567983955144882,1.0,0.9666666388511658,0.8058609962463379
CNOT-chain,CNOT,3,32,0.0014548403119468796,0.03459298238158226,1.0,0.9666666388511658,0.8635761737823486
CNOT-chain,CNOT,3,33,0.0013880590575614145,0.030691487714648247,1.0,0.9666666388511658,0.8145654201507568
CNOT-chain,CNOT,3,34,0.001297581654840282,0.03137899935245514,1.0,0.9666666388511658,0.7909064292907715
CNOT-chain,CNOT,3,35,0.0012210580869577825,0.0287946704775095,1.0,0.9666666388511658,0.7978403568267822
CNOT-chain,CNOT,3,36,0.0011568076559342444,0.028876235708594322,1.0,0.9666666388511658,0.7929282188415527
CNOT-chain,CNOT,3,37,0.0010913177667784373,0.0269611906260252,1.0,1.0,0.7833526134490967
CNOT-chain,CNOT,3,38,0.0010399617154949478,0.026279916986823082,1.0,1.0,0.8141970634460449
CNOT-chain,CNOT,3,39,0.0009921705824256475,0.02476305328309536,1.0,1.0,0.7335708141326904
CNOT-chain,CNOT,3,40,0.0009420876407862774,0.02350195311009884,1.0,1.0,0.7791807651519775
CNOT-chain,CNOT,3,41,0.0008928005255126794,0.023449348285794258,1.0,1.0,0.7866001129150391
CNOT-chain,CNOT,3,42,0.000857952082463141,0.022012632340192795,1.0,1.0,0.772611141204834
CNOT-chain,CNOT,3,43,0.0008192172186682001,0.021749330684542656,1.0,1.0,0.7708182334899902
CNOT-chain,CNOT,3,44,0.0007820745763768043,0.021109318360686302,1.0,1.0,0.7637608051300049
CNOT-chain,CNOT,3,45,0.0007461277755542792,0.01928761973977089,1.0,1.0,0.8303871154785156
CNOT-chain,CNOT,3,46,0.0007181375482884634,0.01867096498608589,1.0,1.0,0.8248195648193359
CNOT-chain,CNOT,3,47,0.0006920669597872932,0.017268327996134758,1.0,1.0,0.791959285736084
CNOT-chain,CNOT,3,48,0.0006663907760022474,0.017424192279577255,1.0,1.0,0.8854515552520752
CNOT-chain,CNOT,3,49,0.0006335810895377238,0.01656648889183998,1.0,1.0,0.7840242385864258
CNOT-chain,CNOT,3,50,0.0006118053487235946,0.016420576721429825,1.0,1.0,0.7709524631500244
CNOT-chain,CNOT,3,51,0.000588675845106731,0.015525265596807003,1.0,1.0,0.7384579181671143
CNOT-chain,CNOT,3,52,0.000565079359304426,0.015473649837076664,1.0,1.0,0.7578439712524414
CNOT-chain,CNOT,3,53,0.0005443702406150156,0.014740360900759697,1.0,1.0,0.7134833335876465
CNOT-chain,CNOT,3,54,0.0005247845921465861,0.014850077219307423,1.0,1.0,0.6995646953582764
CNOT-chain,CNOT,3,55,0.0005067185945725733,0.01432989351451397,1.0,1.0,0.7072153091430664
CNOT-chain,CNOT,3,56,0.0004901115799189679,0.013609879650175571,1.0,1.0,0.7407946586608887
CNOT-chain,CNOT,3,57,0.00047364321341904415,0.013675500638782978,1.0,1.0,0.7194058895111084
CNOT-chain,CNOT,3,58,0.0004563032140140422,0.013193171471357346,1.0,1.0,0.6866950988769531
CNOT-chain,CNOT,3,59,0.0004419220717474153,0.012874067761003971,1.0,1.0,0.7030911445617676
CNOT-chain,CNOT,3,60,0.0004274614159450201,0.012792288325726986,1.0,1.0,0.7443084716796875
CNOT-chain,CNOT,3,61,0.00041557098042436076,0.012576066888868809,1.0,1.0,0.6697838306427002
CNOT-chain,CNOT,3,62,0.00039931228592260073,0.012045366689562798,1.0,1.0,0.671656608581543
CNOT-chain,CNOT,3,63,0.00038959749207216583,0.01214476116001606,1.0,1.0,0.6784031391143799
CNOT-chain,CNOT,3,64,0.00037643366324898256,0.011903900653123856,1.0,1.0,0.6474881172180176
CNOT-chain,CNOT,3,65,0.0003636470081151596,0.011616269126534462,1.0,1.0,0.6293740272521973
CNOT-chain,CNOT,3,66,0.00035366608894297054,0.011634429916739464,1.0,1.0,0.6576957702636719
CNOT-chain,CNOT,3,67,0.00034279661818540524,0.011554858647286892,1.0,1.0,0.7124550342559814
CNOT-chain,CNOT,3,68,0.0003331356629912209,0.011400661431252956,1.0,1.0,0.6986634731292725
CNOT-chain,CNOT,3,69,0.0003244478228485345,0.010821651667356491,1.0,1.0,0.7537753582000732
CNOT-chain,CNOT,3,70,0.0003134049816123609,0.011037420481443405,1.0,1.0,0.7292604446411133
CNOT-chain,CNOT,3,71,0.00030649798970573883,0.011511069722473621,1.0,1.0,0.7111287117004395
CNOT-chain,CNOT,3,72,0.00029840414208592847,0.011085976846516132,1.0,1.0,0.7169575691223145
CNOT-chain,CNOT,3,73,0.00028854963711637537,0.010984097607433796,1.0,1.0,0.7292888164520264
CNOT-chain,CNOT,3,74,0.00027969042816299147,0.011310567148029804,1.0,1.0,0.6814038753509521
CNOT-chain,CNOT,3,75,0.0002728902144424085,0.011550622060894966,1.0,1.0,0.6948153972625732
CNOT-chain,CNOT,3,76,0.00026477394899952094,0.011320189572870731,1.0,1.0,0.681171178817749
CNOT-chain,CNOT,3,77,0.0002583347658011397,0.011242851614952087,1.0,1.0,0.7169539928436279
CNOT-chain,CNOT,3,78,0.0002519954097806476,0.011118435300886631,1.0,1.0,0.6971070766448975
CNOT-chain,CNOT,3,79,0.00024421756430196445,0.011555258184671402,1.0,1.0,0.7347445487976074
CNOT-chain,CNOT,3,80,0.00023886638622830754,0.01152506098151207,1.0,1.0,0.6414010524749756
CNOT-chain,CNOT,3,81,0.000231834570045716,0.011697644367814064,1.0,1.0,0.6777999401092529
CNOT-chain,CNOT,3,82,0.00022646122872954167,0.011975672096014023,1.0,1.0,0.6621620655059814
CNOT-chain,CNOT,3,83,0.00021998367220865995,0.012099413201212883,1.0,1.0,0.650702714920044
CNOT-chain,CNOT,3,84,0.00021483365962922109,0.012150389142334461,1.0,1.0,0.6338505744934082
CNOT-chain,CNOT,3,85,0.00020951427582726215,0.012324096634984016,1.0,1.0,0.6538166999816895
CNOT-chain,CNOT,3,86,0.000205212018408929,0.012350493110716343,1.0,1.0,0.6673471927642822
CNOT-chain,CNOT,3,87,0.00019962524139763055,0.012717572040855885,1.0,1.0,0.6332919597625732
CNOT-chain,CNOT,3,88,0.0001953234874755643,0.012682442553341389,1.0,1.0,0.635481595993042
CNOT-chain,CNOT,3,89,0.00019043660992922794,0.013484341092407703,1.0,1.0,0.6395370960235596
CNOT-chain,CNOT,3,90,0.0001860083244017525,0.013649417087435722,1.0,1.0,0.6881105899810791
CNOT-chain,CNOT,3,91,0.00018175652491793568,0.013621349819004536,1.0,1.0,0.6657557487487793
CNOT-chain,CNOT,3,92,0.00017800382530757424,0.01416600588709116,1.0,1.0,0.6570942401885986
CNOT-chain,CNOT,3,93,0.00017390690003854354,0.014051874168217182,1.0,1.0,0.6763918399810791
CNOT-chain,CNOT,3,94,0.000169569219308739,0.014317899942398071,1.0,1.0,0.7149701118469238
CNOT-chain,CNOT,3,95,0.000165958654438977,0.014517797157168388,1.0,1.0,0.661113977432251
CNOT-chain,CNOT,3,96,0.00016199949526968078,0.014577669091522694,1.0,1.0,0.705040693283081
CNOT-chain,CNOT,3,97,0.0001587737792371107,0.015041620470583439,1.0,1.0,0.6835949420928955
CNOT-chain,CNOT,3,98,0.00015594027738968308,0.014942873269319534,1.0,1.0,0.7757904529571533
CNOT-chain,CNOT,3,99,0.00015184212056088394,0.015323846600949764,1.0,1.0,0.6679766178131104
CNOT-chain,CNOT,3,100,0.00014854920700599906,0.015777133405208588,1.0,1.0,0.639246940612793
Classical MLP,CLASSICAL,1,1,0.5157460864101138,0.3367152810096741,1.0,1.0,0.02314162254333496
Classical MLP,CLASSICAL,1,2,0.22317078092268536,0.11014927178621292,1.0,1.0,0.01818227767944336
Classical MLP,CLASSICAL,1,3,0.06710912234016828,0.028362449258565903,1.0,1.0,0.013537406921386719
Classical MLP,CLASSICAL,1,4,0.023045978522194283,0.011021864600479603,1.0,1.0,0.0159149169921875
Classical MLP,CLASSICAL,1,5,0.011693836761904615,0.006236606743186712,1.0,1.0,0.015373945236206055
Classical MLP,CLASSICAL,1,6,0.008001313519863678,0.00410974957048893,1.0,1.0,0.01481485366821289
Classical MLP,CLASSICAL,1,7,0.00597009124633457,0.0029323219787329435,1.0,1.0,0.014205694198608398
Classical MLP,CLASSICAL,1,8,0.00473667195598994,0.0022487128153443336,1.0,1.0,0.014106512069702148
Classical MLP,CLASSICAL,1,9,0.003940561310238471,0.0017613571835681796,1.0,1.0,0.016089439392089844
Classical MLP,CLASSICAL,1,10,0.0032510057914935586,0.0014281792100518942,1.0,1.0,0.013117074966430664
Classical MLP,CLASSICAL,1,11,0.0028711389899919075,0.0011697688605636358,1.0,1.0,0.01443934440612793
Classical MLP,CLASSICAL,1,12,0.00243218408348704,0.0009556225850246847,1.0,1.0,0.014871835708618164
Classical MLP,CLASSICAL,1,13,0.0021566787701366203,0.0008048124727793038,1.0,1.0,0.014497518539428711
Classical MLP,CLASSICAL,1,14,0.0018787503109446593,0.0006948239752091467,1.0,1.0,0.014226913452148438
Classical MLP,CLASSICAL,1,15,0.001692774792068771,0.0006068686489015818,1.0,1.0,0.014112472534179688
Classical MLP,CLASSICAL,1,16,0.0015549863297824882,0.0005304825608618557,1.0,1.0,0.018264293670654297
Classical MLP,CLASSICAL,1,17,0.0013967875856906176,0.00047127431025728583,1.0,1.0,0.014051198959350586
Classical MLP,CLASSICAL,1,18,0.0012814941895028045,0.0004101403756067157,1.0,1.0,0.023541688919067383
Classical MLP,CLASSICAL,1,19,0.001128632843444523,0.0003660490910988301,1.0,1.0,0.014389276504516602
Classical MLP,CLASSICAL,1,20,0.0010790183454186522,0.0003289303567726165,1.0,1.0,0.01514291763305664
Classical MLP,CLASSICAL,1,21,0.0009525831826197516,0.0002819942310452461,1.0,1.0,0.015554666519165039
Classical MLP,CLASSICAL,1,22,0.00087185308784683,0.0002563869347795844,1.0,1.0,0.014643192291259766
Classical MLP,CLASSICAL,1,23,0.0008293451307898586,0.00023074222553987056,1.0,1.0,0.015679597854614258
Classical MLP,CLASSICAL,1,24,0.0007615772874747304,0.00021073402604088187,1.0,1.0,0.013609647750854492
Classical MLP,CLASSICAL,1,25,0.0007071035155344622,0.00019510742276906967,1.0,1.0,0.015643835067749023
Classical MLP,CLASSICAL,1,26,0.0006624833073666586,0.00016921260976232588,1.0,1.0,0.014971494674682617
Classical MLP,CLASSICAL,1,27,0.0006156082691242253,0.0001557069772388786,1.0,1.0,0.014793872833251953
Classical MLP,CLASSICAL,1,28,0.0005815291677988301,0.00014347433170769364,1.0,1.0,0.012572765350341797
Classical MLP,CLASSICAL,1,29,0.000548874964182947,0.0001341326569672674,1.0,1.0,0.013971567153930664
Classical MLP,CLASSICAL,1,30,0.000524662325551617,0.00012430391507223248,1.0,1.0,0.016425609588623047
Classical MLP,CLASSICAL,1,31,0.0005043857010085569,0.00011676529538817704,1.0,1.0,0.015385627746582031
Classical MLP,CLASSICAL,1,32,0.0004703950458081506,0.0001088680510292761,1.0,1.0,0.014261722564697266
Classical MLP,CLASSICAL,1,33,0.0004539998457663127,0.00010194651986239478,1.0,1.0,0.01216888427734375
Classical MLP,CLASSICAL,1,34,0.00043083039106152555,9.515901183476672e-05,1.0,1.0,0.014655590057373047
Classical MLP,CLASSICAL,1,35,0.0004130552882478306,8.859048102749512e-05,1.0,1.0,0.015036344528198242
Classical MLP,CLASSICAL,1,36,0.000393021816073867,8.377284393645823e-05,1.0,1.0,0.015338420867919922
Classical MLP,CLASSICAL,1,37,0.00038003325072557864,7.824092608643696e-05,1.0,1.0,0.014488697052001953
Classical MLP,CLASSICAL,1,38,0.0003648362845914172,7.433781865984201e-05,1.0,1.0,0.014817953109741211
Classical MLP,CLASSICAL,1,39,0.0003479939652346989,6.928935908945277e-05,1.0,1.0,0.01480245590209961
Classical MLP,CLASSICAL,1,40,0.0003321594445878873,6.506671343231574e-05,1.0,1.0,0.014340400695800781
Classical MLP,CLASSICAL,1,41,0.0003198223058591663,6.185586244100705e-05,1.0,1.0,0.01595282554626465
Classical MLP,CLASSICAL,1,42,0.00030785137267750023,5.8822370192501694e-05,1.0,1.0,0.014076948165893555
Classical MLP,CLASSICAL,1,43,0.0002983858954134381,5.606806735158898e-05,1.0,1.0,0.01633477210998535
Classical MLP,CLASSICAL,1,44,0.00028370527231475406,5.2382329158717766e-05,1.0,1.0,0.01657843589782715
Classical MLP,CLASSICAL,1,45,0.0002754912028649414,4.964747131452896e-05,1.0,1.0,0.014282703399658203
Classical MLP,CLASSICAL,1,46,0.0002639600850410976,4.704191815108061e-05,1.0,1.0,0.015121936798095703
Classical MLP,CLASSICAL,1,47,0.0002549610844913072,4.497519330470823e-05,1.0,1.0,0.014004230499267578
Classical MLP,CLASSICAL,1,48,0.00024694053112658105,4.261586946086027e-05,1.0,1.0,0.013574600219726562
Classical MLP,CLASSICAL,1,49,0.00023783208874062568,4.1109098674496636e-05,1.0,1.0,0.0134429931640625
Classical MLP,CLASSICAL,1,50,0.0002300152179795337,3.887179627781734e-05,1.0,1.0,0.01399683952331543
Classical MLP,CLASSICAL,1,51,0.00022219095335458406,3.7501238693948835e-05,1.0,1.0,0.013839483261108398
Classical MLP,CLASSICAL,1,52,0.00021376828495444248,3.541470869095065e-05,1.0,1.0,0.014163494110107422
Classical MLP,CLASSICAL,1,53,0.00020865695250904537,3.4058986784657463e-05,1.0,1.0,0.012165069580078125
Classical MLP,CLASSICAL,1,54,0.00020063146812390186,3.231865412089974e-05,1.0,1.0,0.012215852737426758
Classical MLP,CLASSICAL,1,55,0.00019630492827543223,3.062639007112011e-05,1.0,1.0,0.01311039924621582
Classical MLP,CLASSICAL,1,56,0.00019025306821406827,2.9700548111577518e-05,1.0,1.0,0.013835668563842773
Classical MLP,CLASSICAL,1,57,0.00018321037289622058,2.8380311050568707e-05,1.0,1.0,0.01380014419555664
Classical MLP,CLASSICAL,1,58,0.00017973491885641123,2.6474612241145223e-05,1.0,1.0,0.014293670654296875
Classical MLP,CLASSICAL,1,59,0.00017206377341218675,2.552385558374226e-05,1.0,1.0,0.014871835708618164
Classical MLP,CLASSICAL,1,60,0.00016918461684066902,2.4682765797479078e-05,1.0,1.0,0.013096332550048828
Classical MLP,CLASSICAL,1,61,0.0001616291513853087,2.3647577108931728e-05,1.0,1.0,0.012346029281616211
Classical MLP,CLASSICAL,1,62,0.00015774386654032112,2.25823387154378e-05,1.0,1.0,0.013123750686645508
Classical MLP,CLASSICAL,1,63,0.00015288962960897023,2.1701804143958725e-05,1.0,1.0,0.011932849884033203
Classical MLP,CLASSICAL,1,64,0.00014916169331594833,2.0802957806154154e-05,1.0,1.0,0.012879610061645508
Classical MLP,CLASSICAL,1,65,0.00014473650135187198,2.0237575881765224e-05,1.0,1.0,0.012790203094482422
Classical MLP,CLASSICAL,1,66,0.00014089471055090793,1.929703284986317e-05,1.0,1.0,0.011980056762695312
Classical MLP,CLASSICAL,1,67,0.00013730155627464618,1.858474024629686e-05,1.0,1.0,0.012072086334228516
Classical MLP,CLASSICAL,1,68,0.0001341390602127441,1.8219247067463584e-05,1.0,1.0,0.012295246124267578
Classical MLP,CLASSICAL,1,69,0.00013064194248987146,1.7365806343150325e-05,1.0,1.0,0.013626337051391602
Classical MLP,CLASSICAL,1,70,0.00012563059400300908,1.6926302123465575e-05,1.0,1.0,0.013733386993408203
Classical MLP,CLASSICAL,1,71,0.00012413845333867358,1.6044994481489994e-05,1.0,1.0,0.01586771011352539
Classical MLP,CLASSICAL,1,72,0.00011947179835130685,1.56066471390659e-05,1.0,1.0,0.014332056045532227
Classical MLP,CLASSICAL,1,73,0.00011752751794996844,1.4951638149796054e-05,1.0,1.0,0.014604330062866211
Classical MLP,CLASSICAL,1,74,0.0001149337829929209,1.4536353774019517e-05,1.0,1.0,0.016089916229248047
Classical MLP,CLASSICAL,1,75,0.0001110091480281231,1.4048506272956729e-05,1.0,1.0,0.016451358795166016
Classical MLP,CLASSICAL,1,76,0.00010902942217398959,1.3410678548098076e-05,1.0,1.0,0.017741918563842773
Classical MLP,CLASSICAL,1,77,0.00010563959290266212,1.308113587583648e-05,1.0,1.0,0.013317584991455078
Classical MLP,CLASSICAL,1,78,0.00010401805094001507,1.2601542948686983e-05,1.0,1.0,0.012769460678100586
Classical MLP,CLASSICAL,1,79,0.00010088844422528252,1.2208975931571331e-05,1.0,1.0,0.01421809196472168
Classical MLP,CLASSICAL,1,80,9.86850518691946e-05,1.184477332571987e-05,1.0,1.0,0.013542652130126953
Classical MLP,CLASSICAL,1,81,9.67775605983791e-05,1.141102438850794e-05,1.0,1.0,0.015561819076538086
Classical MLP,CLASSICAL,1,82,9.46609694990132e-05,1.0986338565999176e-05,1.0,1.0,0.015065670013427734
Classical MLP,CLASSICAL,1,83,9.173716509849327e-05,1.0847973499039654e-05,1.0,1.0,0.014391183853149414
Classical MLP,CLASSICAL,1,84,9.036410419867024e-05,1.0347243915020954e-05,1.0,1.0,0.015293359756469727
Classical MLP,CLASSICAL,1,85,8.802536312941811e-05,9.814250915951561e-06,1.0,1.0,0.014047384262084961
Classical MLP,CLASSICAL,1,86,8.605047679566269e-05,9.545125976728741e-06,1.0,1.0,0.014626026153564453
Classical MLP,CLASSICAL,1,87,8.435447054060725e-05,9.29407360672485e-06,1.0,1.0,0.013990640640258789
Classical MLP,CLASSICAL,1,88,8.215189206371828e-05,9.14958400244359e-06,1.0,1.0,0.014114856719970703
Classical MLP,CLASSICAL,1,89,7.990134712418146e-05,8.88931845111074e-06,1.0,1.0,0.014570236206054688
Classical MLP,CLASSICAL,1,90,7.786463223331858e-05,8.578994311392307e-06,1.0,1.0,0.01687335968017578
Classical MLP,CLASSICAL,1,91,7.59985740736673e-05,8.410462214669678e-06,1.0,1.0,0.01481318473815918
Classical MLP,CLASSICAL,1,92,7.400831329980357e-05,7.955740329634864e-06,1.0,1.0,0.014240503311157227
Classical MLP,CLASSICAL,1,93,7.30796109443028e-05,7.677863322896883e-06,1.0,1.0,0.014646530151367188
Classical MLP,CLASSICAL,1,94,7.099134698315929e-05,7.424402156175347e-06,1.0,1.0,0.014939308166503906
Classical MLP,CLASSICAL,1,95,6.99768258316778e-05,7.126842319848947e-06,1.0,1.0,0.015616893768310547
Classical MLP,CLASSICAL,1,96,6.803080230091446e-05,7.054683919704985e-06,1.0,1.0,0.015463113784790039
Classical MLP,CLASSICAL,1,97,6.708017144774203e-05,6.7694868448597845e-06,1.0,1.0,0.014740705490112305
Classical MLP,CLASSICAL,1,98,6.66652239000801e-05,6.696564469166333e-06,1.0,1.0,0.013927221298217773
Classical MLP,CLASSICAL,1,99,6.358629221340705e-05,6.518662758026039e-06,1.0,1.0,0.01515054702758789
Classical MLP,CLASSICAL,1,100,6.217816297484952e-05,6.295883849816164e-06,1.0,1.0,0.01595926284790039
Classical MLP,CLASSICAL,2,1,0.566069483757019,0.37208136916160583,1.0,1.0,0.0339045524597168
Classical MLP,CLASSICAL,2,2,0.19316764708076203,0.04531749710440636,1.0,1.0,0.030617713928222656
Classical MLP,CLASSICAL,2,3,0.02042147700807878,0.0055121248587965965,1.0,1.0,0.03267502784729004
Classical MLP,CLASSICAL,2,4,0.004629923754172134,0.0022775500547140837,1.0,1.0,0.02484297752380371
Classical MLP,CLASSICAL,2,5,0.002309029281605035,0.0015397041570395231,1.0,1.0,0.024405241012573242
Classical MLP,CLASSICAL,2,6,0.0016795193643442223,0.0012381173437461257,1.0,1.0,0.02007579803466797
Classical MLP,CLASSICAL,2,7,0.001354067459137046,0.0009862661827355623,1.0,1.0,0.02253890037536621
Classical MLP,CLASSICAL,2,8,0.001095920766238123,0.0008212751126848161,1.0,1.0,0.03169369697570801
Classical MLP,CLASSICAL,2,9,0.0009403458380672549,0.000703444005921483,1.0,1.0,0.024710416793823242
Classical MLP,CLASSICAL,2,10,0.0007843145772182782,0.0005990462959744036,1.0,1.0,0.02404189109802246
Classical MLP,CLASSICAL,2,11,0.0006809559823263303,0.0005364815006032586,1.0,1.0,0.022785425186157227
Classical MLP,CLASSICAL,2,12,0.0005890652350249834,0.00046614950406365097,1.0,1.0,0.022063255310058594
Classical MLP,CLASSICAL,2,13,0.0005180624458132246,0.0004175357171334326,1.0,1.0,0.024193763732910156
Classical MLP,CLASSICAL,2,14,0.000452982429435776,0.0003738124796655029,1.0,1.0,0.021517276763916016
Classical MLP,CLASSICAL,2,15,0.00040486497424093874,0.0003351707709953189,1.0,1.0,0.028561830520629883
Classical MLP,CLASSICAL,2,16,0.0003660293811533068,0.0003061078314203769,1.0,1.0,0.024550199508666992
Classical MLP,CLASSICAL,2,17,0.00032702254622043775,0.0002753562293946743,1.0,1.0,0.019473552703857422
Classical MLP,CLASSICAL,2,18,0.0002978978313227084,0.0002555485407356173,1.0,1.0,0.0256655216217041
Classical MLP,CLASSICAL,2,19,0.0002601581606930787,0.00023558629618491977,1.0,1.0,0.02101612091064453
Classical MLP,CLASSICAL,2,20,0.0002485282864654437,0.00022101662761997432,1.0,1.0,0.02559375762939453
Classical MLP,CLASSICAL,2,21,0.00021536190119409834,0.0002006326540140435,1.0,1.0,0.026698589324951172
Classical MLP,CLASSICAL,2,22,0.0001978178422307662,0.00018670849385671318,1.0,1.0,0.023119449615478516
Classical MLP,CLASSICAL,2,23,0.0001857531519298001,0.0001749141956679523,1.0,1.0,0.01863408088684082
Classical MLP,CLASSICAL,2,24,0.00016994187496623323,0.00016282183059956878,1.0,1.0,0.01895308494567871
Classical MLP,CLASSICAL,2,25,0.00015690942506937843,0.0001553724578116089,1.0,1.0,0.021769046783447266
Classical MLP,CLASSICAL,2,26,0.00014552712616153129,0.00014100379485171288,1.0,1.0,0.021432876586914062
Classical MLP,CLASSICAL,2,27,0.00013485990415834488,0.00013233302161097527,1.0,1.0,0.0243074893951416
Classical MLP,CLASSICAL,2,28,0.0001265218936688533,0.00012441763828974217,1.0,1.0,0.024815082550048828
Classical MLP,CLASSICAL,2,29,0.00011852195896478536,0.00011780708155129105,1.0,1.0,0.028398990631103516
Classical MLP,CLASSICAL,2,30,0.00011238244398035542,0.00011107585305580869,1.0,1.0,0.025659799575805664
Classical MLP,CLASSICAL,2,31,0.00010669394484596394,0.00010640707478160039,1.0,1.0,0.02810978889465332
Classical MLP,CLASSICAL,2,32,9.982645525659401e-05,0.00010123899846803397,1.0,1.0,0.059699296951293945
Classical MLP,CLASSICAL,2,33,9.506266643646605e-05,9.656452311901376e-05,1.0,1.0,0.02753901481628418
Classical MLP,CLASSICAL,2,34,9.00729767896077e-05,9.189735283143818e-05,1.0,1.0,0.02750682830810547
Classical MLP,CLASSICAL,2,35,8.592986980602291e-05,8.699491445440799e-05,1.0,1.0,0.033773183822631836
Classical MLP,CLASSICAL,2,36,8.131205889542669e-05,8.313576836371794e-05,1.0,1.0,0.03449869155883789
Classical MLP,CLASSICAL,2,37,7.81720888621099e-05,8.039858948905021e-05,1.0,1.0,0.03475475311279297
Classical MLP,CLASSICAL,2,38,7.425534247106823e-05,7.741925219306722e-05,1.0,1.0,0.03475809097290039
Classical MLP,CLASSICAL,2,39,7.084135371379879e-05,7.34772693249397e-05,1.0,1.0,0.028447389602661133
Classical MLP,CLASSICAL,2,40,6.738874595027613e-05,7.055143942125142e-05,1.0,1.0,0.026637554168701172
Classical MLP,CLASSICAL,2,41,6.41967089125371e-05,6.764971476513892e-05,1.0,1.0,0.030580997467041016
Classical MLP,CLASSICAL,2,42,6.161598102413076e-05,6.560444307979196e-05,1.0,1.0,0.03223562240600586
Classical MLP,CLASSICAL,2,43,5.982568014977525e-05,6.335416401270777e-05,1.0,1.0,0.0295255184173584
Classical MLP,CLASSICAL,2,44,5.6636184620271834e-05,6.030046642990783e-05,1.0,1.0,0.028000354766845703
Classical MLP,CLASSICAL,2,45,5.460715932648392e-05,5.8137684391113e-05,1.0,1.0,0.036314964294433594
Classical MLP,CLASSICAL,2,46,5.211101815153337e-05,5.633565888274461e-05,1.0,1.0,0.033133745193481445
Classical MLP,CLASSICAL,2,47,4.982592163287336e-05,5.477727609104477e-05,1.0,1.0,0.0389399528503418
Classical MLP,CLASSICAL,2,48,4.80495418222355e-05,5.227310612099245e-05,1.0,1.0,0.02964925765991211
Classical MLP,CLASSICAL,2,49,4.621910295879518e-05,5.1069346227450296e-05,1.0,1.0,0.033200979232788086
Classical MLP,CLASSICAL,2,50,4.458315094585227e-05,4.910969073534943e-05,1.0,1.0,0.0349576473236084
Classical MLP,CLASSICAL,2,51,4.274373874945273e-05,4.798429290531203e-05,1.0,1.0,0.03775501251220703
Classical MLP,CLASSICAL,2,52,4.111888453540554e-05,4.614524732460268e-05,1.0,1.0,0.024978160858154297
Classical MLP,CLASSICAL,2,53,3.9927688336912784e-05,4.5007807784713805e-05,1.0,1.0,0.025203466415405273
Classical MLP,CLASSICAL,2,54,3.8419475478284376e-05,4.330533556640148e-05,1.0,1.0,0.026665449142456055
Classical MLP,CLASSICAL,2,55,3.719189657463825e-05,4.176900620223023e-05,1.0,1.0,0.029209613800048828
Classical MLP,CLASSICAL,2,56,3.591485033475854e-05,4.10373650083784e-05,1.0,1.0,0.028055667877197266
Classical MLP,CLASSICAL,2,57,3.46673246537778e-05,3.990921686636284e-05,1.0,1.0,0.026775121688842773
Classical MLP,CLASSICAL,2,58,3.4141491019974115e-05,3.767681118915789e-05,1.0,1.0,0.026525259017944336
Classical MLP,CLASSICAL,2,59,3.25178837686378e-05,3.6885296140098944e-05,1.0,1.0,0.026833057403564453
Classical MLP,CLASSICAL,2,60,3.16912156847593e-05,3.5935685446020216e-05,1.0,1.0,0.027956485748291016
Classical MLP,CLASSICAL,2,61,3.0324598139535348e-05,3.490181188681163e-05,1.0,1.0,0.031807661056518555
Classical MLP,CLASSICAL,2,62,2.9429037450816915e-05,3.391108839423396e-05,1.0,1.0,0.029132366180419922
Classical MLP,CLASSICAL,2,63,2.8447960906825237e-05,3.3038835681509227e-05,1.0,1.0,0.027775287628173828
Classical MLP,CLASSICAL,2,64,2.7661908825393765e-05,3.2309126254403964e-05,1.0,1.0,0.03433632850646973
Classical MLP,CLASSICAL,2,65,2.666445263912465e-05,3.16429250233341e-05,1.0,1.0,0.028728723526000977
Classical MLP,CLASSICAL,2,66,2.5949105773699036e-05,3.079752787016332e-05,1.0,1.0,0.025595664978027344
Classical MLP,CLASSICAL,2,67,2.5142551316597356e-05,2.9904300390626304e-05,1.0,1.0,0.028344392776489258
Classical MLP,CLASSICAL,2,68,2.44155924682283e-05,2.9441793230944313e-05,1.0,1.0,0.02713465690612793
Classical MLP,CLASSICAL,2,69,2.377126637631883e-05,2.850412784027867e-05,1.0,1.0,0.02880239486694336
Classical MLP,CLASSICAL,2,70,2.2931557183320754e-05,2.797792876663152e-05,1.0,1.0,0.029604673385620117
Classical MLP,CLASSICAL,2,71,2.261815811997232e-05,2.7104048058390617e-05,1.0,1.0,0.03380441665649414
Classical MLP,CLASSICAL,2,72,2.1717916134938215e-05,2.6512794647715054e-05,1.0,1.0,0.02750873565673828
Classical MLP,CLASSICAL,2,73,2.123633672031896e-05,2.5806350095081143e-05,1.0,1.0,0.027091026306152344
Classical MLP,CLASSICAL,2,74,2.0664763504945377e-05,2.5259763788199052e-05,1.0,1.0,0.0288693904876709
Classical MLP,CLASSICAL,2,75,2.0005277289263696e-05,2.477247289789375e-05,1.0,1.0,0.025738239288330078
Classical MLP,CLASSICAL,2,76,1.9622477094571877e-05,2.409075023024343e-05,1.0,1.0,0.02604818344116211
Classical MLP,CLASSICAL,2,77,1.8968494684352372e-05,2.356950062676333e-05,1.0,1.0,0.027069568634033203
Classical MLP,CLASSICAL,2,78,1.863267152251475e-05,2.3058226361172274e-05,1.0,1.0,0.028488636016845703
Classical MLP,CLASSICAL,2,79,1.805641703508546e-05,2.2463531422545202e-05,1.0,1.0,0.02932262420654297
Classical MLP,CLASSICAL,2,80,1.756951855865298e-05,2.1981582904118113e-05,1.0,1.0,0.02911233901977539
Classical MLP,CLASSICAL,2,81,1.7153185000751138e-05,2.1480016584973782e-05,1.0,1.0,0.025985240936279297
Classical MLP,CLASSICAL,2,82,1.67545298657907e-05,2.0870236767223105e-05,1.0,1.0,0.02535223960876465
Classical MLP,CLASSICAL,2,83,1.623184345719762e-05,2.0589333871612325e-05,1.0,1.0,0.02590465545654297
Classical MLP,CLASSICAL,2,84,1.5839484611238473e-05,1.999041523959022e-05,1.0,1.0,0.026754379272460938
Classical MLP,CLASSICAL,2,85,1.5467733324570077e-05,1.945968506333884e-05,1.0,1.0,0.024824857711791992
Classical MLP,CLASSICAL,2,86,1.5112747878731624e-05,1.901839641504921e-05,1.0,1.0,0.029686450958251953
Classical MLP,CLASSICAL,2,87,1.476537833338755e-05,1.8579587049316615e-05,1.0,1.0,0.030255556106567383
Classical MLP,CLASSICAL,2,88,1.4356571567272373e-05,1.8422620996716432e-05,1.0,1.0,0.02600264549255371
Classical MLP,CLASSICAL,2,89,1.3946056140972425e-05,1.8058577552437782e-05,1.0,1.0,0.02786087989807129
Classical MLP,CLASSICAL,2,90,1.3612015703756696e-05,1.7705528080114163e-05,1.0,1.0,0.025797367095947266
Classical MLP,CLASSICAL,2,91,1.328097502469713e-05,1.7446442143409513e-05,1.0,1.0,0.027454853057861328
Classical MLP,CLASSICAL,2,92,1.2906770881012822e-05,1.690123463049531e-05,1.0,1.0,0.030866622924804688
Classical MLP,CLASSICAL,2,93,1.2638372323538403e-05,1.652920400374569e-05,1.0,1.0,0.041004180908203125
Classical MLP,CLASSICAL,2,94,1.231963267563125e-05,1.618945134396199e-05,1.0,1.0,0.04063296318054199
Classical MLP,CLASSICAL,2,95,1.2088530144893639e-05,1.5809213437023573e-05,1.0,1.0,0.03573727607727051
Classical MLP,CLASSICAL,2,96,1.1739982548013878e-05,1.5569903553114273e-05,1.0,1.0,0.03758740425109863
Classical MLP,CLASSICAL,2,97,1.1531107665518902e-05,1.5219235137919895e-05,1.0,1.0,0.04488015174865723
Classical MLP,CLASSICAL,2,98,1.1437670884209947e-05,1.5019173588370904e-05,1.0,1.0,0.0390169620513916
Classical MLP,CLASSICAL,2,99,1.0962686121323324e-05,1.4720864783157595e-05,1.0,1.0,0.03031754493713379
Classical MLP,CLASSICAL,2,100,1.070344192381104e-05,1.4478094271908049e-05,1.0,1.0,0.04428887367248535
Classical MLP,CLASSICAL,3,1,0.579357215336391,0.4065471887588501,0.8428571224212646,0.8666666746139526,0.036614179611206055
Classical MLP,CLASSICAL,3,2,0.23745753381933485,0.05620386078953743,1.0,1.0,0.03315401077270508
Classical MLP,CLASSICAL,3,3,0.018200491429888645,0.001474411808885634,1.0,1.0,0.05658602714538574
Classical MLP,CLASSICAL,3,4,0.001680271183379643,0.0002858447842299938,1.0,1.0,0.04434919357299805
Classical MLP,CLASSICAL,3,5,0.0005888421297900744,0.00015892440569587052,1.0,1.0,0.03345465660095215
Classical MLP,CLASSICAL,3,6,0.0004311951751073398,0.00011569705384317786,1.0,1.0,0.03548479080200195
Classical MLP,CLASSICAL,3,7,0.0003549992681135856,8.77004349604249e-05,1.0,1.0,0.03836202621459961
Classical MLP,CLASSICAL,3,8,0.00029718484963398495,7.262029976118356e-05,1.0,1.0,0.04041004180908203
Classical MLP,CLASSICAL,3,9,0.00026051069376973956,5.76041238673497e-05,1.0,1.0,0.03862404823303223
Classical MLP,CLASSICAL,3,10,0.00021405856337618648,4.706829349743202e-05,1.0,1.0,0.03248167037963867
Classical MLP,CLASSICAL,3,11,0.00018961672489500156,3.82477737730369e-05,1.0,1.0,0.03591465950012207
Classical MLP,CLASSICAL,3,12,0.000162326961594772,3.064102929783985e-05,1.0,1.0,0.03657889366149902
Classical MLP,CLASSICAL,3,13,0.00014023180399565913,2.5180010197800584e-05,1.0,1.0,0.03531169891357422
Classical MLP,CLASSICAL,3,14,0.00011899658297157398,2.1607218513963744e-05,1.0,1.0,0.03813028335571289
Classical MLP,CLASSICAL,3,15,0.00010588412142819185,1.8289318177266978e-05,1.0,1.0,0.0441131591796875
Classical MLP,CLASSICAL,3,16,9.531392447732806e-05,1.5491190424654633e-05,1.0,1.0,0.03984570503234863
Classical MLP,CLASSICAL,3,17,8.260411903263178e-05,1.3626922736875713e-05,1.0,1.0,0.03614950180053711
Classical MLP,CLASSICAL,3,18,7.394938166385145e-05,1.0793416549859103e-05,1.0,1.0,0.04055023193359375
Classical MLP,CLASSICAL,3,19,6.180319267485856e-05,9.626549399399664e-06,1.0,1.0,0.041657209396362305
Classical MLP,CLASSICAL,3,20,5.9859908136315554e-05,8.032559890125412e-06,1.0,1.0,0.03821372985839844
Classical MLP,CLASSICAL,3,21,4.937737450875699e-05,6.3601710280636325e-06,1.0,1.0,0.028470277786254883
Classical MLP,CLASSICAL,3,22,4.345308580591123e-05,5.750710442953277e-06,1.0,1.0,0.030721187591552734
Classical MLP,CLASSICAL,3,23,4.1250994736799895e-05,4.9561026571609545e-06,1.0,1.0,0.03178906440734863
Classical MLP,CLASSICAL,3,24,3.663852052743063e-05,4.461748631001683e-06,1.0,1.0,0.03493523597717285
Classical MLP,CLASSICAL,3,25,3.3051475242830616e-05,3.957101853302447e-06,1.0,1.0,0.03141379356384277
Classical MLP,CLASSICAL,3,26,3.0478705964956783e-05,3.100940148215159e-06,1.0,1.0,0.0323033332824707
Classical MLP,CLASSICAL,3,27,2.7502130441467034e-05,2.8177944386698073e-06,1.0,1.0,0.033249855041503906
Classical MLP,CLASSICAL,3,28,2.554836334881675e-05,2.5506442398182116e-06,1.0,1.0,0.03674888610839844
Classical MLP,CLASSICAL,3,29,2.363586629232322e-05,2.382867478445405e-06,1.0,1.0,0.03607916831970215
Classical MLP,CLASSICAL,3,30,2.2523363642993184e-05,2.114783910656115e-06,1.0,1.0,0.0358431339263916
Classical MLP,CLASSICAL,3,31,2.1338130181737722e-05,1.9870301457558526e-06,1.0,1.0,0.03869771957397461
Classical MLP,CLASSICAL,3,32,1.945684802939139e-05,1.8097161955665797e-06,1.0,1.0,0.03311443328857422
Classical MLP,CLASSICAL,3,33,1.8613705039216556e-05,1.6882308955246117e-06,1.0,1.0,0.031594038009643555
Classical MLP,CLASSICAL,3,34,1.7426375795981385e-05,1.5437420870512142e-06,1.0,1.0,0.030773162841796875
Classical MLP,CLASSICAL,3,35,1.6552230918776e-05,1.3559238141169772e-06,1.0,1.0,0.0349881649017334
Classical MLP,CLASSICAL,3,36,1.5466115682433007e-05,1.2839634564443259e-06,1.0,1.0,0.03572225570678711
Classical MLP,CLASSICAL,3,37,1.487221042729533e-05,1.1764477676479146e-06,1.0,1.0,0.03696155548095703
Classical MLP,CLASSICAL,3,38,1.4084166995439622e-05,1.1449460544099566e-06,1.0,1.0,0.03182792663574219
Classical MLP,CLASSICAL,3,39,1.3235315924817886e-05,1.0395845038146945e-06,1.0,1.0,0.03307533264160156
Classical MLP,CLASSICAL,3,40,1.2510552731534552e-05,9.241007887794694e-07,1.0,1.0,0.03261923789978027
Classical MLP,CLASSICAL,3,41,1.1816835167697905e-05,8.61786872974335e-07,1.0,1.0,0.0329747200012207
Classical MLP,CLASSICAL,3,42,1.1310033439857224e-05,8.310409498335503e-07,1.0,1.0,0.0318603515625
Classical MLP,CLASSICAL,3,43,1.0864482290463234e-05,7.063043199195818e-07,1.0,1.0,0.032865047454833984
Classical MLP,CLASSICAL,3,44,1.0233601052567042e-05,6.606762781302677e-07,1.0,1.0,0.03410506248474121
Classical MLP,CLASSICAL,3,45,9.872253333994288e-06,6.157870870993065e-07,1.0,1.0,0.031433820724487305
Classical MLP,CLASSICAL,3,46,9.321560541318355e-06,5.986618702991109e-07,1.0,1.0,0.030361413955688477
Classical MLP,CLASSICAL,3,47,8.905862563232273e-06,5.650164212056552e-07,1.0,1.0,0.03091120719909668
Classical MLP,CLASSICAL,3,48,8.581357292280251e-06,5.228463351159007e-07,1.0,1.0,0.02695155143737793
Classical MLP,CLASSICAL,3,49,8.179344480647696e-06,5.356451424631814e-07,1.0,1.0,0.02905130386352539
Classical MLP,CLASSICAL,3,50,7.835026645770595e-06,4.5058226305627613e-07,1.0,1.0,0.03140377998352051
Classical MLP,CLASSICAL,3,51,7.502608977441321e-06,4.558860382530838e-07,1.0,1.0,0.03342008590698242
Classical MLP,CLASSICAL,3,52,7.114485196501483e-06,4.332905803039466e-07,1.0,1.0,0.031317710876464844
Classical MLP,CLASSICAL,3,53,6.9333389323764676e-06,4.0294656855621724e-07,1.0,1.0,0.03229260444641113
Classical MLP,CLASSICAL,3,54,6.556466882526016e-06,3.8336267493832565e-07,1.0,1.0,0.03361654281616211
Classical MLP,CLASSICAL,3,55,6.415961268057308e-06,3.317724406315392e-07,1.0,1.0,0.04353523254394531
Classical MLP,CLASSICAL,3,56,6.184135632283459e-06,3.3966068713198183e-07,1.0,1.0,0.04784345626831055
Classical MLP,CLASSICAL,3,57,5.8927057388157255e-06,3.0371882075996837e-07,1.0,1.0,0.043123483657836914
Classical MLP,CLASSICAL,3,58,5.694816047471399e-06,2.661548705873429e-07,1.0,1.0,0.04411745071411133
Classical MLP,CLASSICAL,3,59,5.4268038448292345e-06,2.6628953264662414e-07,1.0,1.0,0.045530080795288086
Classical MLP,CLASSICAL,3,60,5.324189761924007e-06,2.6862693403018056e-07,1.0,1.0,0.04532790184020996
Classical MLP,CLASSICAL,3,61,5.0458439021462464e-06,2.56487624028523e-07,1.0,1.0,0.03973722457885742
Classical MLP,CLASSICAL,3,62,4.888461791698249e-06,2.5136702674899425e-07,1.0,1.0,0.0480036735534668
Classical MLP,CLASSICAL,3,63,4.711647989691147e-06,2.1724032706060825e-07,1.0,1.0,0.08612799644470215
Classical MLP,CLASSICAL,3,64,4.590344585555081e-06,2.1715348452744365e-07,1.0,1.0,0.05034947395324707
Classical MLP,CLASSICAL,3,65,4.404764718082462e-06,2.1685706030893925e-07,1.0,1.0,0.06041765213012695
Classical MLP,CLASSICAL,3,66,4.257107798845206e-06,2.0945667245086952e-07,1.0,1.0,0.04896354675292969
Classical MLP,CLASSICAL,3,67,4.122019635290061e-06,1.687930790694736e-07,1.0,1.0,0.035643577575683594
Classical MLP,CLASSICAL,3,68,4.020635563771766e-06,1.7452258305183932e-07,1.0,1.0,0.03334212303161621
Classical MLP,CLASSICAL,3,69,3.871168391191732e-06,1.6403014058141707e-07,1.0,1.0,0.04423689842224121
Classical MLP,CLASSICAL,3,70,3.7081384348940035e-06,1.646331071469831e-07,1.0,1.0,0.04315996170043945
Classical MLP,CLASSICAL,3,71,3.6744322574965264e-06,1.6015228254673275e-07,1.0,1.0,0.03939342498779297
Classical MLP,CLASSICAL,3,72,3.4749348349450566e-06,1.573593237935711e-07,1.0,1.0,0.04019594192504883
Classical MLP,CLASSICAL,3,73,3.4173310977964057e-06,1.2054616149725916e-07,1.0,1.0,0.033837080001831055
Classical MLP,CLASSICAL,3,74,3.3199994054250994e-06,1.2086067613381601e-07,1.0,1.0,0.03576207160949707
Classical MLP,CLASSICAL,3,75,3.1670022311233166e-06,1.1865251536846699e-07,1.0,1.0,0.043619632720947266
Classical MLP,CLASSICAL,3,76,3.1121334443879767e-06,1.156644273692109e-07,1.0,1.0,0.039641618728637695
Classical MLP,CLASSICAL,3,77,2.9766668767830336e-06,1.1328411630984192e-07,1.0,1.0,0.03157305717468262
Classical MLP,CLASSICAL,3,78,2.913305216486284e-06,1.1095733754018511e-07,1.0,1.0,0.027480602264404297
Classical MLP,CLASSICAL,3,79,2.8210839860970697e-06,1.0904806657663357e-07,1.0,1.0,0.031014204025268555
Classical MLP,CLASSICAL,3,80,2.737473843059865e-06,1.0736251709886346e-07,1.0,1.0,0.03396439552307129
Classical MLP,CLASSICAL,3,81,2.680101093398111e-06,1.0419844187481431e-07,1.0,1.0,0.03471493721008301
Classical MLP,CLASSICAL,3,82,2.602097939000373e-06,1.0154722218658208e-07,1.0,1.0,0.03556013107299805
Classical MLP,CLASSICAL,3,83,2.521051986648145e-06,1.0271710237930165e-07,1.0,1.0,0.04294991493225098
Classical MLP,CLASSICAL,3,84,2.462121313824658e-06,9.902103670356155e-08,1.0,1.0,0.04153037071228027
Classical MLP,CLASSICAL,3,85,2.3813228970343996e-06,9.53350181021051e-08,1.0,1.0,0.04006004333496094
Classical MLP,CLASSICAL,3,86,2.316082560389501e-06,9.452251958919078e-08,1.0,1.0,0.04561471939086914
Classical MLP,CLASSICAL,3,87,2.2701045502227454e-06,9.190592464847214e-08,1.0,1.0,0.03981590270996094
Classical MLP,CLASSICAL,3,88,2.194649674067436e-06,9.453766125488983e-08,1.0,1.0,0.0435490608215332
Classical MLP,CLASSICAL,3,89,2.1305001684918893e-06,9.312768156632956e-08,1.0,1.0,0.04088735580444336
Classical MLP,CLASSICAL,3,90,2.0524797123404424e-06,9.100016029606195e-08,1.0,1.0,0.040726423263549805
Classical MLP,CLASSICAL,3,91,2.0007629035181667e-06,9.070713247183448e-08,1.0,1.0,0.0370790958404541
Classical MLP,CLASSICAL,3,92,1.9442335015022887e-06,8.56531414683559e-08,1.0,1.0,0.03823137283325195
Classical MLP,CLASSICAL,3,93,1.913862846899227e-06,8.523385019998386e-08,1.0,1.0,0.03715705871582031
Classical MLP,CLASSICAL,3,94,1.8488272953837462e-06,8.373265103500671e-08,1.0,1.0,0.03870701789855957
Classical MLP,CLASSICAL,3,95,1.8146235569664376e-06,8.153821084988522e-08,1.0,1.0,0.03239750862121582
Classical MLP,CLASSICAL,3,96,1.7453689665042863e-06,8.093120840158008e-08,1.0,1.0,0.03440666198730469
Classical MLP,CLASSICAL,3,97,1.7155119829933646e-06,7.931938483807244e-08,1.0,1.0,0.03333401679992676
Classical MLP,CLASSICAL,3,98,1.7091030713671889e-06,4.894597438465098e-08,1.0,1.0,0.03719305992126465
Classical MLP,CLASSICAL,3,99,1.6032121342799022e-06,4.7348407861136366e-08,1.0,1.0,0.02834916114807129
Classical MLP,CLASSICAL,3,100,1.5688350197244529e-06,4.682664567212669e-08,1.0,1.0,0.035286664962768555
